SEASON_ID,TEAM_ID,TEAM_ABBREVIATION,TEAM_NAME,PLAY_TYPE,TYPE_GROUPING,PERCENTILE,GP,POSS_PCT,PPP,FG_PCT,FT_POSS_PCT,TOV_POSS_PCT,SF_POSS_PCT,PLUSONE_POSS_PCT,SCORE_POSS_PCT,EFG_PCT,POSS,PTS,FGM,FGA,FGMX
22024,1610612743,DEN,Denver Nuggets,Cut,Offensive,0.931,82,0.1,1.38,0.71,0.149,0.048,0.144,0.039,0.702,0.71,933,1288,557,785,228
22024,1610612744,GSW,Golden State Warriors,Cut,Offensive,0.31,82,0.101,1.271,0.638,0.16,0.052,0.158,0.044,0.634,0.638,938,1192,498,780,282
22024,1610612739,CLE,Cleveland Cavaliers,Cut,Offensive,1.0,82,0.08,1.427,0.734,0.145,0.05,0.141,0.036,0.717,0.734,743,1060,459,625,166
22024,1610612737,ATL,Atlanta Hawks,Cut,Offensive,0.379,82,0.086,1.276,0.658,0.131,0.049,0.127,0.032,0.646,0.658,819,1045,459,698,239
22024,1610612761,TOR,Toronto Raptors,Cut,Offensive,0.034,82,0.093,1.166,0.592,0.134,0.065,0.131,0.029,0.591,0.592,875,1020,430,726,296
22024,1610612760,OKC,Oklahoma City Thunder,Cut,Offensive,0.759,82,0.077,1.34,0.671,0.14,0.047,0.139,0.034,0.671,0.671,706,946,401,598,197
22024,1610612753,ORL,Orlando Magic,Cut,Offensive,0.517,82,0.077,1.305,0.662,0.168,0.061,0.165,0.049,0.659,0.662,689,899,374,565,191
22024,1610612752,NYK,New York Knicks,Cut,Offensive,0.414,82,0.076,1.293,0.671,0.095,0.054,0.095,0.023,0.65,0.671,682,882,400,596,196
22024,1610612742,DAL,Dallas Mavericks,Cut,Offensive,0.793,82,0.071,1.347,0.71,0.166,0.062,0.16,0.028,0.698,0.71,643,866,365,514,149
22024,1610612747,LAL,Los Angeles Lakers,Cut,Offensive,0.828,82,0.07,1.35,0.7,0.155,0.05,0.149,0.037,0.69,0.7,625,844,364,520,156
22024,1610612763,MEM,Memphis Grizzlies,Cut,Offensive,0.345,82,0.068,1.272,0.639,0.124,0.05,0.123,0.042,0.632,0.639,661,841,367,574,207
22024,1610612762,UTA,Utah Jazz,Cut,Offensive,0.552,82,0.068,1.31,0.659,0.187,0.057,0.176,0.055,0.654,0.659,636,833,340,516,176
22024,1610612746,LAC,LA Clippers,Cut,Offensive,0.862,82,0.066,1.358,0.684,0.109,0.027,0.106,0.036,0.681,0.684,587,797,361,528,167
22024,1610612748,MIA,Miami Heat,Cut,Offensive,0.276,82,0.07,1.264,0.645,0.118,0.054,0.115,0.029,0.637,0.645,625,790,345,535,190
22024,1610612745,HOU,Houston Rockets,Cut,Offensive,0.207,82,0.065,1.252,0.639,0.127,0.042,0.125,0.029,0.638,0.639,622,779,342,535,193
22024,1610612758,SAC,Sacramento Kings,Cut,Offensive,0.448,82,0.065,1.298,0.662,0.159,0.066,0.157,0.047,0.653,0.662,593,770,323,488,165
22024,1610612765,DET,Detroit Pistons,Cut,Offensive,0.724,82,0.062,1.339,0.701,0.176,0.054,0.171,0.037,0.691,0.701,573,767,324,462,138
22024,1610612756,PHX,Phoenix Suns,Cut,Offensive,0.138,82,0.068,1.228,0.637,0.121,0.064,0.115,0.02,0.621,0.637,610,749,324,509,185
22024,1610612740,NOP,New Orleans Pelicans,Cut,Offensive,0.069,82,0.067,1.176,0.606,0.139,0.074,0.138,0.038,0.595,0.606,624,734,312,515,203
22024,1610612754,IND,Indiana Pacers,Cut,Offensive,0.655,82,0.06,1.335,0.678,0.159,0.042,0.156,0.038,0.678,0.678,546,729,310,457,147
22024,1610612764,WAS,Washington Wizards,Cut,Offensive,0.172,82,0.063,1.243,0.634,0.137,0.065,0.132,0.032,0.624,0.634,585,727,308,486,178
22024,1610612738,BOS,Boston Celtics,Cut,Offensive,0.897,82,0.059,1.364,0.699,0.132,0.043,0.13,0.015,0.696,0.699,530,723,311,445,134
22024,1610612766,CHA,Charlotte Hornets,Cut,Offensive,0.241,82,0.062,1.255,0.656,0.169,0.082,0.162,0.049,0.632,0.656,573,719,300,457,157
22024,1610612759,SAS,San Antonio Spurs,Cut,Offensive,0.483,82,0.06,1.301,0.666,0.139,0.056,0.138,0.042,0.652,0.666,552,718,311,467,156
22024,1610612749,MIL,Milwaukee Bucks,Cut,Offensive,0.621,82,0.06,1.333,0.683,0.145,0.058,0.134,0.03,0.677,0.683,538,717,304,445,141
22024,1610612750,MIN,Minnesota Timberwolves,Cut,Offensive,0.69,82,0.059,1.338,0.686,0.141,0.049,0.137,0.034,0.677,0.686,532,712,308,449,141
22024,1610612741,CHI,Chicago Bulls,Cut,Offensive,0.966,82,0.054,1.389,0.702,0.138,0.047,0.134,0.041,0.694,0.702,509,707,306,436,130
22024,1610612751,BKN,Brooklyn Nets,Cut,Offensive,0.103,82,0.064,1.218,0.627,0.102,0.049,0.1,0.026,0.616,0.627,570,694,313,499,186
22024,1610612755,PHI,Philadelphia 76ers,Cut,Offensive,0.586,82,0.051,1.326,0.661,0.182,0.05,0.168,0.046,0.661,0.661,457,606,246,372,126
22024,1610612757,POR,Portland Trail Blazers,Cut,Offensive,0.0,82,0.051,1.144,0.606,0.132,0.097,0.128,0.035,0.579,0.606,485,555,237,391,154
22024,1610612738,BOS,Boston Celtics,Cut,Defensive,0.655,82,0.059,1.279,0.658,0.128,0.054,0.126,0.027,0.656,0.658,523,669,291,442,151
22024,1610612753,ORL,Orlando Magic,Cut,Defensive,0.69,82,0.061,1.277,0.668,0.153,0.072,0.149,0.036,0.653,0.668,531,678,288,431,143
22024,1610612761,TOR,Toronto Raptors,Cut,Defensive,0.345,82,0.058,1.313,0.671,0.147,0.054,0.146,0.041,0.664,0.671,536,704,302,450,148
22024,1610612752,NYK,New York Knicks,Cut,Defensive,0.0,82,0.059,1.376,0.7,0.157,0.043,0.142,0.036,0.693,0.7,534,735,312,446,134
22024,1610612745,HOU,Houston Rockets,Cut,Defensive,0.897,82,0.065,1.24,0.65,0.151,0.069,0.148,0.035,0.629,0.65,596,739,316,486,170
22024,1610612760,OKC,Oklahoma City Thunder,Cut,Defensive,0.586,82,0.062,1.287,0.645,0.193,0.043,0.189,0.055,0.652,0.645,581,748,307,476,169
22024,1610612766,CHA,Charlotte Hornets,Cut,Defensive,0.483,82,0.065,1.295,0.657,0.125,0.038,0.119,0.022,0.655,0.657,586,759,331,504,173
22024,1610612744,GSW,Golden State Warriors,Cut,Defensive,0.966,82,0.07,1.214,0.633,0.142,0.082,0.138,0.042,0.61,0.633,636,772,330,521,191
22024,1610612750,MIN,Minnesota Timberwolves,Cut,Defensive,0.862,82,0.069,1.241,0.634,0.152,0.061,0.146,0.042,0.628,0.634,623,773,327,516,189
22024,1610612759,SAS,San Antonio Spurs,Cut,Defensive,0.724,82,0.067,1.27,0.656,0.12,0.061,0.118,0.024,0.642,0.656,618,785,342,521,179
22024,1610612756,PHX,Phoenix Suns,Cut,Defensive,0.31,82,0.067,1.318,0.663,0.138,0.044,0.137,0.038,0.664,0.663,607,800,344,519,175
22024,1610612763,MEM,Memphis Grizzlies,Cut,Defensive,0.517,82,0.066,1.289,0.645,0.176,0.046,0.17,0.037,0.655,0.645,629,811,330,512,182
22024,1610612748,MIA,Miami Heat,Cut,Defensive,0.379,82,0.069,1.311,0.672,0.123,0.056,0.123,0.035,0.656,0.672,620,813,357,531,174
22024,1610612739,CLE,Cleveland Cavaliers,Cut,Defensive,0.759,82,0.07,1.256,0.638,0.149,0.052,0.146,0.04,0.635,0.638,652,819,349,547,198
22024,1610612747,LAL,Los Angeles Lakers,Cut,Defensive,0.207,82,0.067,1.343,0.696,0.144,0.067,0.141,0.039,0.673,0.696,612,822,353,507,154
22024,1610612762,UTA,Utah Jazz,Cut,Defensive,1.0,82,0.074,1.206,0.624,0.114,0.054,0.114,0.013,0.62,0.624,690,832,364,583,219
22024,1610612749,MIL,Milwaukee Bucks,Cut,Defensive,0.931,82,0.073,1.24,0.634,0.115,0.046,0.11,0.024,0.626,0.634,672,833,368,580,212
22024,1610612746,LAC,LA Clippers,Cut,Defensive,0.621,82,0.073,1.285,0.642,0.137,0.042,0.132,0.034,0.648,0.642,650,835,357,556,199
22024,1610612765,DET,Detroit Pistons,Cut,Defensive,0.276,82,0.069,1.324,0.68,0.173,0.064,0.17,0.052,0.664,0.68,636,842,352,518,166
22024,1610612758,SAC,Sacramento Kings,Cut,Defensive,0.241,82,0.07,1.341,0.687,0.132,0.046,0.132,0.03,0.68,0.687,634,850,371,540,169
22024,1610612740,NOP,New Orleans Pelicans,Cut,Defensive,0.069,82,0.068,1.362,0.713,0.136,0.07,0.13,0.043,0.683,0.713,625,851,373,523,150
22024,1610612743,DEN,Denver Nuggets,Cut,Defensive,0.793,82,0.074,1.256,0.65,0.138,0.059,0.138,0.039,0.635,0.65,696,874,381,586,205
22024,1610612741,CHI,Chicago Bulls,Cut,Defensive,0.172,82,0.068,1.347,0.68,0.133,0.04,0.133,0.045,0.675,0.68,649,874,385,566,181
22024,1610612754,IND,Indiana Pacers,Cut,Defensive,0.448,82,0.073,1.306,0.668,0.132,0.05,0.126,0.029,0.665,0.668,680,888,385,576,191
22024,1610612757,POR,Portland Trail Blazers,Cut,Defensive,0.828,82,0.077,1.253,0.637,0.156,0.068,0.146,0.042,0.632,0.637,711,891,371,582,211
22024,1610612742,DAL,Dallas Mavericks,Cut,Defensive,0.552,82,0.074,1.288,0.671,0.127,0.056,0.124,0.022,0.653,0.671,692,891,389,580,191
22024,1610612764,WAS,Washington Wizards,Cut,Defensive,0.103,82,0.07,1.355,0.683,0.161,0.058,0.155,0.041,0.68,0.683,660,894,371,543,172
22024,1610612751,BKN,Brooklyn Nets,Cut,Defensive,0.034,82,0.079,1.367,0.699,0.146,0.046,0.136,0.031,0.689,0.699,700,957,411,588,177
22024,1610612737,ATL,Atlanta Hawks,Cut,Defensive,0.138,82,0.077,1.35,0.682,0.154,0.053,0.148,0.045,0.678,0.682,729,984,417,611,194
22024,1610612755,PHI,Philadelphia 76ers,Cut,Defensive,0.414,82,0.083,1.309,0.672,0.135,0.061,0.131,0.036,0.655,0.672,753,986,425,632,207
22024,1610612758,SAC,Sacramento Kings,Handoff,Offensive,0.552,82,0.077,0.956,0.424,0.083,0.09,0.075,0.013,0.425,0.492,708,677,252,594,342
22024,1610612751,BKN,Brooklyn Nets,Handoff,Offensive,0.276,82,0.081,0.894,0.405,0.088,0.148,0.081,0.017,0.387,0.479,724,647,229,565,336
22024,1610612765,DET,Detroit Pistons,Handoff,Offensive,0.828,82,0.068,0.995,0.44,0.101,0.09,0.095,0.024,0.441,0.517,633,630,232,527,295
22024,1610612762,UTA,Utah Jazz,Handoff,Offensive,0.862,82,0.062,1.002,0.437,0.109,0.153,0.098,0.031,0.414,0.536,580,581,195,446,251
22024,1610612749,MIL,Milwaukee Bucks,Handoff,Offensive,1.0,82,0.058,1.056,0.427,0.1,0.083,0.09,0.025,0.433,0.531,520,549,187,438,251
22024,1610612743,DEN,Denver Nuggets,Handoff,Offensive,0.517,82,0.062,0.948,0.4,0.085,0.071,0.079,0.014,0.411,0.475,579,549,199,497,298
22024,1610612748,MIA,Miami Heat,Handoff,Offensive,0.966,82,0.055,1.033,0.437,0.061,0.092,0.055,0.01,0.424,0.537,491,507,184,421,237
22024,1610612764,WAS,Washington Wizards,Handoff,Offensive,0.138,82,0.058,0.873,0.36,0.081,0.098,0.076,0.022,0.363,0.445,543,474,165,458,293
22024,1610612737,ATL,Atlanta Hawks,Handoff,Offensive,0.414,82,0.054,0.918,0.403,0.096,0.125,0.088,0.027,0.392,0.478,513,471,167,414,247
22024,1610612740,NOP,New Orleans Pelicans,Handoff,Offensive,0.103,82,0.056,0.872,0.369,0.094,0.088,0.084,0.013,0.383,0.438,522,455,160,434,274
22024,1610612761,TOR,Toronto Raptors,Handoff,Offensive,0.069,82,0.057,0.831,0.365,0.085,0.111,0.081,0.013,0.361,0.437,540,449,161,441,280
22024,1610612742,DAL,Dallas Mavericks,Handoff,Offensive,0.793,82,0.049,0.993,0.454,0.077,0.113,0.072,0.018,0.432,0.533,444,441,167,368,201
22024,1610612744,GSW,Golden State Warriors,Handoff,Offensive,0.241,82,0.052,0.893,0.382,0.079,0.121,0.067,0.017,0.368,0.474,478,427,149,390,241
22024,1610612757,POR,Portland Trail Blazers,Handoff,Offensive,0.621,82,0.047,0.959,0.418,0.138,0.126,0.129,0.025,0.429,0.491,443,425,141,337,196
22024,1610612739,CLE,Cleveland Cavaliers,Handoff,Offensive,0.69,82,0.046,0.981,0.425,0.084,0.117,0.07,0.012,0.41,0.52,429,421,148,348,200
22024,1610612766,CHA,Charlotte Hornets,Handoff,Offensive,0.0,82,0.056,0.815,0.342,0.058,0.093,0.054,0.006,0.34,0.421,514,419,150,439,289
22024,1610612759,SAS,San Antonio Spurs,Handoff,Offensive,0.345,82,0.048,0.905,0.429,0.102,0.12,0.1,0.025,0.417,0.477,441,399,152,354,202
22024,1610612750,MIN,Minnesota Timberwolves,Handoff,Offensive,0.655,82,0.045,0.961,0.39,0.107,0.083,0.1,0.024,0.4,0.48,412,396,134,344,210
22024,1610612746,LAC,LA Clippers,Handoff,Offensive,0.759,82,0.043,0.99,0.437,0.116,0.1,0.111,0.01,0.452,0.502,389,385,135,309,174
22024,1610612745,HOU,Houston Rockets,Handoff,Offensive,0.31,82,0.045,0.904,0.388,0.073,0.096,0.071,0.019,0.381,0.467,425,384,140,361,221
22024,1610612760,OKC,Oklahoma City Thunder,Handoff,Offensive,0.724,82,0.042,0.987,0.447,0.049,0.088,0.049,0.016,0.426,0.521,385,380,151,338,187
22024,1610612752,NYK,New York Knicks,Handoff,Offensive,0.448,82,0.045,0.927,0.408,0.068,0.083,0.059,0.02,0.401,0.475,409,379,145,355,210
22024,1610612754,IND,Indiana Pacers,Handoff,Offensive,0.931,82,0.039,1.014,0.481,0.076,0.11,0.073,0.017,0.454,0.553,355,360,142,295,153
22024,1610612755,PHI,Philadelphia 76ers,Handoff,Offensive,0.172,82,0.042,0.883,0.389,0.091,0.101,0.08,0.021,0.389,0.452,375,331,121,311,190
22024,1610612747,LAL,Los Angeles Lakers,Handoff,Offensive,0.207,82,0.039,0.885,0.352,0.095,0.083,0.089,0.017,0.372,0.433,349,309,103,293,190
22024,1610612753,ORL,Orlando Magic,Handoff,Offensive,0.034,82,0.04,0.828,0.386,0.064,0.114,0.064,0.019,0.367,0.441,360,298,117,303,186
22024,1610612738,BOS,Boston Celtics,Handoff,Offensive,0.897,82,0.029,1.004,0.407,0.065,0.087,0.061,0.011,0.403,0.529,263,264,92,226,134
22024,1610612756,PHX,Phoenix Suns,Handoff,Offensive,0.483,82,0.032,0.929,0.454,0.088,0.163,0.081,0.021,0.417,0.509,283,263,99,218,119
22024,1610612741,CHI,Chicago Bulls,Handoff,Offensive,0.379,82,0.03,0.91,0.412,0.108,0.133,0.094,0.018,0.403,0.481,278,253,89,216,127
22024,1610612763,MEM,Memphis Grizzlies,Handoff,Offensive,0.586,82,0.02,0.959,0.429,0.051,0.097,0.046,0.005,0.408,0.518,196,188,72,168,96
22024,1610612751,BKN,Brooklyn Nets,Handoff,Defensive,0.897,82,0.037,0.856,0.373,0.096,0.129,0.081,0.015,0.372,0.435,333,285,98,263,165
22024,1610612755,PHI,Philadelphia 76ers,Handoff,Defensive,0.724,82,0.04,0.904,0.42,0.079,0.159,0.077,0.022,0.384,0.503,365,330,120,286,166
22024,1610612744,GSW,Golden State Warriors,Handoff,Defensive,1.0,82,0.048,0.823,0.377,0.073,0.143,0.066,0.027,0.349,0.45,441,363,135,358,223
22024,1610612760,OKC,Oklahoma City Thunder,Handoff,Defensive,0.931,82,0.047,0.834,0.355,0.1,0.105,0.089,0.014,0.369,0.42,439,366,126,355,229
22024,1610612746,LAC,LA Clippers,Handoff,Defensive,0.828,82,0.048,0.876,0.391,0.097,0.15,0.094,0.018,0.376,0.469,434,380,131,335,204
22024,1610612763,MEM,Memphis Grizzlies,Handoff,Defensive,0.966,82,0.048,0.833,0.364,0.087,0.11,0.084,0.017,0.368,0.426,462,385,138,379,241
22024,1610612753,ORL,Orlando Magic,Handoff,Defensive,0.621,82,0.049,0.92,0.425,0.092,0.134,0.073,0.021,0.406,0.496,426,392,144,339,195
22024,1610612750,MIN,Minnesota Timberwolves,Handoff,Defensive,0.793,82,0.049,0.885,0.39,0.086,0.099,0.086,0.011,0.396,0.459,444,393,143,367,224
22024,1610612752,NYK,New York Knicks,Handoff,Defensive,0.862,82,0.051,0.873,0.384,0.072,0.092,0.068,0.026,0.377,0.441,456,398,151,393,242
22024,1610612749,MIL,Milwaukee Bucks,Handoff,Defensive,0.759,82,0.05,0.888,0.381,0.09,0.092,0.079,0.02,0.385,0.452,457,406,146,383,237
22024,1610612745,HOU,Houston Rockets,Handoff,Defensive,0.586,82,0.048,0.921,0.419,0.073,0.109,0.063,0.02,0.401,0.492,441,406,155,370,215
22024,1610612737,ATL,Atlanta Hawks,Handoff,Defensive,0.69,82,0.048,0.905,0.392,0.084,0.108,0.079,0.02,0.38,0.475,453,410,147,375,228
22024,1610612739,CLE,Cleveland Cavaliers,Handoff,Defensive,0.517,82,0.048,0.927,0.392,0.1,0.111,0.091,0.011,0.391,0.482,450,417,141,360,219
22024,1610612738,BOS,Boston Celtics,Handoff,Defensive,0.172,82,0.048,0.981,0.43,0.077,0.075,0.073,0.019,0.429,0.5,427,419,159,370,211
22024,1610612742,DAL,Dallas Mavericks,Handoff,Defensive,0.345,82,0.048,0.956,0.445,0.084,0.118,0.082,0.016,0.427,0.514,450,430,163,366,203
22024,1610612740,NOP,New Orleans Pelicans,Handoff,Defensive,0.103,82,0.046,1.019,0.428,0.099,0.099,0.094,0.019,0.427,0.522,424,432,149,348,199
22024,1610612748,MIA,Miami Heat,Handoff,Defensive,0.241,82,0.05,0.965,0.41,0.102,0.106,0.1,0.02,0.415,0.493,451,435,150,366,216
22024,1610612762,UTA,Utah Jazz,Handoff,Defensive,0.034,82,0.045,1.046,0.424,0.091,0.077,0.084,0.005,0.439,0.529,417,436,148,349,201
22024,1610612758,SAC,Sacramento Kings,Handoff,Defensive,0.207,82,0.051,0.974,0.427,0.103,0.1,0.096,0.022,0.426,0.504,458,446,160,375,215
22024,1610612754,IND,Indiana Pacers,Handoff,Defensive,0.276,82,0.05,0.957,0.43,0.09,0.105,0.086,0.021,0.424,0.5,467,447,166,386,220
22024,1610612757,POR,Portland Trail Blazers,Handoff,Defensive,0.655,82,0.053,0.914,0.404,0.063,0.102,0.057,0.014,0.392,0.484,490,448,168,416,248
22024,1610612756,PHX,Phoenix Suns,Handoff,Defensive,0.448,82,0.053,0.938,0.388,0.087,0.089,0.079,0.017,0.395,0.472,484,454,158,407,249
22024,1610612765,DET,Detroit Pistons,Handoff,Defensive,0.379,82,0.052,0.954,0.428,0.082,0.103,0.071,0.015,0.418,0.508,478,456,170,397,227
22024,1610612743,DEN,Denver Nuggets,Handoff,Defensive,0.552,82,0.053,0.924,0.401,0.091,0.101,0.087,0.014,0.406,0.472,497,459,164,409,245
22024,1610612759,SAS,San Antonio Spurs,Handoff,Defensive,0.483,82,0.054,0.93,0.41,0.06,0.114,0.056,0.004,0.396,0.492,500,465,170,415,245
22024,1610612764,WAS,Washington Wizards,Handoff,Defensive,0.414,82,0.053,0.952,0.418,0.07,0.106,0.062,0.024,0.401,0.496,499,475,177,423,246
22024,1610612747,LAL,Los Angeles Lakers,Handoff,Defensive,0.138,82,0.052,1.017,0.437,0.083,0.098,0.074,0.036,0.42,0.524,471,479,176,403,227
22024,1610612741,CHI,Chicago Bulls,Handoff,Defensive,0.31,82,0.053,0.956,0.396,0.107,0.069,0.099,0.016,0.416,0.475,505,483,168,424,256
22024,1610612766,CHA,Charlotte Hornets,Handoff,Defensive,0.069,82,0.052,1.025,0.447,0.087,0.125,0.076,0.011,0.431,0.554,473,485,169,378,209
22024,1610612761,TOR,Toronto Raptors,Handoff,Defensive,0.0,82,0.053,1.086,0.455,0.106,0.074,0.098,0.025,0.458,0.544,489,531,188,413,225
22024,1610612746,LAC,LA Clippers,Isolation,Offensive,0.862,82,0.12,0.972,0.388,0.159,0.106,0.155,0.025,0.428,0.454,1078,1048,318,820,502
22024,1610612742,DAL,Dallas Mavericks,Isolation,Offensive,0.793,82,0.1,0.952,0.424,0.126,0.098,0.119,0.023,0.437,0.477,908,864,308,726,418
22024,1610612760,OKC,Oklahoma City Thunder,Isolation,Offensive,0.966,82,0.09,1.034,0.451,0.14,0.06,0.127,0.025,0.484,0.488,834,862,310,688,378
22024,1610612738,BOS,Boston Celtics,Isolation,Offensive,0.828,82,0.1,0.956,0.413,0.116,0.075,0.106,0.022,0.433,0.466,896,857,308,745,437
22024,1610612747,LAL,Los Angeles Lakers,Isolation,Offensive,0.897,82,0.09,0.983,0.426,0.137,0.085,0.134,0.031,0.451,0.473,801,787,276,648,372
22024,1610612755,PHI,Philadelphia 76ers,Isolation,Offensive,0.483,82,0.094,0.899,0.418,0.116,0.094,0.108,0.027,0.426,0.455,848,762,290,693,403
22024,1610612749,MIL,Milwaukee Bucks,Isolation,Offensive,0.759,82,0.084,0.939,0.453,0.13,0.096,0.121,0.023,0.454,0.48,753,707,272,600,328
22024,1610612763,MEM,Memphis Grizzlies,Isolation,Offensive,0.621,82,0.076,0.914,0.441,0.137,0.121,0.127,0.037,0.439,0.47,735,672,252,572,320
22024,1610612757,POR,Portland Trail Blazers,Isolation,Offensive,0.414,82,0.076,0.876,0.386,0.139,0.103,0.131,0.036,0.407,0.425,718,629,220,570,350
22024,1610612750,MIN,Minnesota Timberwolves,Isolation,Offensive,0.345,82,0.078,0.873,0.394,0.122,0.146,0.113,0.015,0.399,0.455,711,621,209,531,322
22024,1610612752,NYK,New York Knicks,Isolation,Offensive,0.69,82,0.073,0.926,0.419,0.142,0.104,0.135,0.045,0.425,0.456,661,612,221,528,307
22024,1610612745,HOU,Houston Rockets,Isolation,Offensive,0.207,82,0.076,0.842,0.403,0.116,0.109,0.107,0.019,0.41,0.43,727,612,233,578,345
22024,1610612756,PHX,Phoenix Suns,Isolation,Offensive,1.0,82,0.065,1.054,0.504,0.151,0.106,0.132,0.037,0.503,0.526,575,606,226,448,222
22024,1610612758,SAC,Sacramento Kings,Isolation,Offensive,0.552,82,0.072,0.911,0.413,0.126,0.076,0.123,0.021,0.437,0.442,661,602,224,542,318
22024,1610612762,UTA,Utah Jazz,Isolation,Offensive,0.138,82,0.076,0.837,0.36,0.154,0.107,0.14,0.025,0.396,0.4,712,596,196,544,348
22024,1610612759,SAS,San Antonio Spurs,Isolation,Offensive,0.517,82,0.069,0.902,0.407,0.133,0.093,0.126,0.025,0.431,0.442,633,571,206,506,300
22024,1610612753,ORL,Orlando Magic,Isolation,Offensive,0.241,82,0.072,0.861,0.401,0.136,0.104,0.124,0.028,0.418,0.43,646,556,204,509,305
22024,1610612740,NOP,New Orleans Pelicans,Isolation,Offensive,0.034,82,0.069,0.824,0.374,0.148,0.11,0.138,0.02,0.405,0.399,637,525,182,486,304
22024,1610612748,MIA,Miami Heat,Isolation,Offensive,0.379,82,0.066,0.874,0.418,0.12,0.097,0.111,0.022,0.431,0.434,585,511,197,471,274
22024,1610612766,CHA,Charlotte Hornets,Isolation,Offensive,0.586,82,0.06,0.913,0.4,0.129,0.093,0.126,0.024,0.426,0.434,549,501,176,440,264
22024,1610612765,DET,Detroit Pistons,Isolation,Offensive,0.31,82,0.059,0.87,0.413,0.131,0.124,0.12,0.033,0.418,0.439,548,477,176,426,250
22024,1610612754,IND,Indiana Pacers,Isolation,Offensive,0.724,82,0.056,0.933,0.429,0.114,0.087,0.105,0.034,0.436,0.468,507,473,181,422,241
22024,1610612751,BKN,Brooklyn Nets,Isolation,Offensive,0.448,82,0.057,0.876,0.392,0.143,0.11,0.132,0.026,0.415,0.43,509,446,154,393,239
22024,1610612739,CLE,Cleveland Cavaliers,Isolation,Offensive,0.276,82,0.055,0.867,0.397,0.123,0.113,0.113,0.018,0.408,0.446,505,438,157,395,238
22024,1610612743,DEN,Denver Nuggets,Isolation,Offensive,0.655,82,0.05,0.919,0.452,0.099,0.107,0.092,0.015,0.448,0.484,467,429,171,378,207
22024,1610612741,CHI,Chicago Bulls,Isolation,Offensive,0.931,82,0.045,0.991,0.425,0.133,0.077,0.122,0.026,0.45,0.486,427,423,148,348,200
22024,1610612744,GSW,Golden State Warriors,Isolation,Offensive,0.172,82,0.05,0.837,0.368,0.15,0.096,0.139,0.026,0.405,0.4,467,391,134,364,230
22024,1610612764,WAS,Washington Wizards,Isolation,Offensive,0.069,82,0.043,0.832,0.386,0.109,0.133,0.096,0.03,0.383,0.431,405,337,123,319,196
22024,1610612761,TOR,Toronto Raptors,Isolation,Offensive,0.103,82,0.041,0.832,0.392,0.131,0.098,0.126,0.018,0.42,0.412,388,323,120,306,186
22024,1610612737,ATL,Atlanta Hawks,Isolation,Offensive,0.0,82,0.041,0.791,0.322,0.157,0.113,0.139,0.015,0.376,0.355,388,307,93,289,196
22024,1610612752,NYK,New York Knicks,Isolation,Defensive,0.759,82,0.058,0.865,0.391,0.118,0.089,0.112,0.017,0.412,0.427,527,456,167,427,260
22024,1610612760,OKC,Oklahoma City Thunder,Isolation,Defensive,1.0,82,0.062,0.812,0.368,0.145,0.136,0.134,0.029,0.386,0.402,581,472,160,435,275
22024,1610612763,MEM,Memphis Grizzlies,Isolation,Defensive,0.966,82,0.064,0.817,0.345,0.151,0.118,0.144,0.031,0.381,0.384,611,499,161,466,305
22024,1610612755,PHI,Philadelphia 76ers,Isolation,Defensive,0.414,82,0.059,0.93,0.456,0.144,0.157,0.131,0.02,0.448,0.49,542,504,178,390,212
22024,1610612748,MIA,Miami Heat,Isolation,Defensive,0.931,82,0.069,0.824,0.38,0.105,0.105,0.095,0.021,0.393,0.41,619,510,191,502,311
22024,1610612759,SAS,San Antonio Spurs,Isolation,Defensive,0.69,82,0.063,0.888,0.412,0.107,0.097,0.104,0.031,0.414,0.444,587,521,200,485,285
22024,1610612749,MIL,Milwaukee Bucks,Isolation,Defensive,0.828,82,0.067,0.851,0.375,0.147,0.109,0.136,0.026,0.402,0.414,617,525,178,475,297
22024,1610612751,BKN,Brooklyn Nets,Isolation,Defensive,0.897,82,0.073,0.826,0.375,0.122,0.116,0.109,0.026,0.385,0.408,649,536,192,512,320
22024,1610612766,CHA,Charlotte Hornets,Isolation,Defensive,0.103,82,0.061,0.973,0.425,0.148,0.083,0.139,0.027,0.456,0.474,555,540,188,442,254
22024,1610612756,PHX,Phoenix Suns,Isolation,Defensive,0.655,82,0.067,0.888,0.4,0.13,0.105,0.126,0.018,0.422,0.441,609,541,191,477,286
22024,1610612741,CHI,Chicago Bulls,Isolation,Defensive,0.345,82,0.061,0.932,0.415,0.122,0.067,0.108,0.022,0.443,0.446,584,544,202,487,285
22024,1610612758,SAC,Sacramento Kings,Isolation,Defensive,0.31,82,0.065,0.934,0.408,0.131,0.098,0.129,0.02,0.431,0.456,589,550,190,466,276
22024,1610612746,LAC,LA Clippers,Isolation,Defensive,0.862,82,0.074,0.845,0.38,0.136,0.13,0.13,0.024,0.397,0.42,660,558,190,500,310
22024,1610612757,POR,Portland Trail Blazers,Isolation,Defensive,0.621,82,0.071,0.89,0.403,0.142,0.119,0.127,0.029,0.419,0.436,656,584,203,504,301
22024,1610612754,IND,Indiana Pacers,Isolation,Defensive,0.138,82,0.065,0.962,0.451,0.12,0.086,0.107,0.028,0.455,0.491,607,584,225,499,274
22024,1610612740,NOP,New Orleans Pelicans,Isolation,Defensive,0.448,82,0.069,0.926,0.405,0.135,0.1,0.121,0.025,0.428,0.453,638,591,204,504,300
22024,1610612737,ATL,Atlanta Hawks,Isolation,Defensive,0.552,82,0.069,0.913,0.423,0.124,0.101,0.118,0.029,0.43,0.459,653,596,222,525,303
22024,1610612764,WAS,Washington Wizards,Isolation,Defensive,0.034,82,0.063,1.008,0.442,0.163,0.092,0.153,0.025,0.473,0.49,596,601,203,459,256
22024,1610612765,DET,Detroit Pistons,Isolation,Defensive,0.276,82,0.07,0.936,0.422,0.118,0.086,0.112,0.025,0.437,0.467,643,602,223,528,305
22024,1610612750,MIN,Minnesota Timberwolves,Isolation,Defensive,0.207,82,0.07,0.95,0.432,0.153,0.096,0.14,0.03,0.448,0.474,634,602,214,495,281
22024,1610612761,TOR,Toronto Raptors,Isolation,Defensive,0.172,82,0.069,0.961,0.44,0.15,0.081,0.132,0.031,0.46,0.469,642,617,226,514,288
22024,1610612743,DEN,Denver Nuggets,Isolation,Defensive,0.483,82,0.072,0.924,0.403,0.135,0.08,0.128,0.031,0.43,0.443,672,621,221,548,327
22024,1610612762,UTA,Utah Jazz,Isolation,Defensive,0.0,82,0.064,1.04,0.476,0.137,0.09,0.125,0.028,0.487,0.529,600,624,229,481,252
22024,1610612747,LAL,Los Angeles Lakers,Isolation,Defensive,0.793,82,0.08,0.86,0.394,0.128,0.112,0.119,0.026,0.407,0.432,729,627,226,573,347
22024,1610612744,GSW,Golden State Warriors,Isolation,Defensive,0.724,82,0.08,0.873,0.398,0.14,0.108,0.128,0.021,0.421,0.428,724,632,223,560,337
22024,1610612753,ORL,Orlando Magic,Isolation,Defensive,0.586,82,0.081,0.898,0.405,0.123,0.112,0.119,0.021,0.419,0.446,714,641,227,561,334
22024,1610612745,HOU,Houston Rockets,Isolation,Defensive,0.241,82,0.077,0.946,0.424,0.13,0.091,0.125,0.025,0.441,0.464,706,668,241,568,327
22024,1610612738,BOS,Boston Celtics,Isolation,Defensive,0.379,82,0.082,0.931,0.414,0.114,0.088,0.109,0.031,0.426,0.456,735,684,252,609,357
22024,1610612742,DAL,Dallas Mavericks,Isolation,Defensive,0.069,82,0.08,0.977,0.446,0.154,0.08,0.142,0.028,0.475,0.475,746,729,264,592,328
22024,1610612739,CLE,Cleveland Cavaliers,Isolation,Defensive,0.517,82,0.092,0.92,0.419,0.118,0.088,0.111,0.027,0.43,0.456,854,786,294,701,407
22024,1610612754,IND,Indiana Pacers,Misc,Offensive,0.966,82,0.055,0.585,0.458,0.198,0.531,0.024,0.012,0.305,0.507,501,293,65,142,77
22024,1610612739,CLE,Cleveland Cavaliers,Misc,Offensive,1.0,82,0.047,0.657,0.457,0.276,0.49,0.03,0.009,0.362,0.5,431,283,48,105,57
22024,1610612753,ORL,Orlando Magic,Misc,Offensive,0.897,82,0.057,0.55,0.409,0.209,0.533,0.02,0.002,0.3,0.451,507,279,54,132,78
22024,1610612737,ATL,Atlanta Hawks,Misc,Offensive,0.931,82,0.053,0.552,0.351,0.233,0.504,0.022,0.004,0.311,0.384,502,277,47,134,87
22024,1610612743,DEN,Denver Nuggets,Misc,Offensive,0.759,82,0.057,0.514,0.3,0.212,0.531,0.03,0.006,0.276,0.332,533,274,42,140,98
22024,1610612763,MEM,Memphis Grizzlies,Misc,Offensive,0.724,82,0.055,0.511,0.368,0.197,0.522,0.039,0.009,0.283,0.403,534,273,57,155,98
22024,1610612744,GSW,Golden State Warriors,Misc,Offensive,0.379,82,0.06,0.488,0.382,0.209,0.599,0.02,0.005,0.263,0.455,559,273,42,110,68
22024,1610612747,LAL,Los Angeles Lakers,Misc,Offensive,0.414,82,0.06,0.492,0.336,0.213,0.578,0.021,0.009,0.266,0.371,531,261,39,116,77
22024,1610612742,DAL,Dallas Mavericks,Misc,Offensive,0.862,82,0.051,0.545,0.405,0.219,0.549,0.021,0.006,0.296,0.459,466,254,45,111,66
22024,1610612749,MIL,Milwaukee Bucks,Misc,Offensive,0.793,82,0.053,0.535,0.43,0.199,0.596,0.032,0.006,0.279,0.48,473,253,43,100,57
22024,1610612757,POR,Portland Trail Blazers,Misc,Offensive,0.552,82,0.053,0.499,0.401,0.166,0.553,0.036,0.004,0.265,0.426,499,249,57,142,85
22024,1610612755,PHI,Philadelphia 76ers,Misc,Offensive,0.69,82,0.054,0.507,0.306,0.233,0.524,0.029,0.004,0.288,0.326,489,248,37,121,84
22024,1610612765,DET,Detroit Pistons,Misc,Offensive,0.172,82,0.06,0.431,0.355,0.181,0.603,0.025,0.002,0.241,0.393,557,240,43,121,78
22024,1610612745,HOU,Houston Rockets,Misc,Offensive,0.517,82,0.05,0.499,0.32,0.237,0.499,0.017,0.006,0.283,0.34,473,236,41,128,87
22024,1610612762,UTA,Utah Jazz,Misc,Offensive,0.103,82,0.06,0.416,0.393,0.138,0.619,0.027,0.005,0.212,0.432,565,235,55,140,85
22024,1610612740,NOP,New Orleans Pelicans,Misc,Offensive,0.621,82,0.05,0.501,0.445,0.158,0.595,0.032,0.009,0.257,0.508,467,234,53,119,66
22024,1610612751,BKN,Brooklyn Nets,Misc,Offensive,0.207,82,0.058,0.445,0.358,0.184,0.608,0.015,0.002,0.246,0.422,521,232,39,109,70
22024,1610612756,PHX,Phoenix Suns,Misc,Offensive,0.586,82,0.051,0.5,0.356,0.225,0.577,0.018,0.0,0.286,0.394,454,227,32,90,58
22024,1610612759,SAS,San Antonio Spurs,Misc,Offensive,0.655,82,0.048,0.507,0.372,0.186,0.545,0.014,0.007,0.277,0.409,440,223,45,121,76
22024,1610612764,WAS,Washington Wizards,Misc,Offensive,0.138,82,0.056,0.429,0.294,0.176,0.562,0.023,0.0,0.237,0.313,518,222,40,136,96
22024,1610612738,BOS,Boston Celtics,Misc,Offensive,0.483,82,0.049,0.497,0.37,0.198,0.558,0.014,0.002,0.271,0.444,439,218,40,108,68
22024,1610612741,CHI,Chicago Bulls,Misc,Offensive,0.448,82,0.045,0.495,0.429,0.17,0.599,0.012,0.0,0.267,0.495,424,210,42,98,56
22024,1610612758,SAC,Sacramento Kings,Misc,Offensive,0.276,82,0.048,0.472,0.402,0.158,0.585,0.027,0.007,0.242,0.449,443,209,47,117,70
22024,1610612750,MIN,Minnesota Timberwolves,Misc,Offensive,0.345,82,0.048,0.472,0.327,0.194,0.569,0.023,0.002,0.267,0.346,434,205,34,104,70
22024,1610612760,OKC,Oklahoma City Thunder,Misc,Offensive,0.828,82,0.041,0.539,0.439,0.179,0.544,0.013,0.008,0.293,0.491,375,202,47,107,60
22024,1610612752,NYK,New York Knicks,Misc,Offensive,0.241,82,0.048,0.464,0.352,0.182,0.584,0.041,0.014,0.248,0.375,435,202,38,108,70
22024,1610612766,CHA,Charlotte Hornets,Misc,Offensive,0.034,82,0.057,0.384,0.31,0.162,0.601,0.025,0.004,0.208,0.345,524,201,39,126,87
22024,1610612748,MIA,Miami Heat,Misc,Offensive,0.31,82,0.047,0.472,0.38,0.188,0.595,0.031,0.005,0.255,0.402,415,196,35,92,57
22024,1610612746,LAC,LA Clippers,Misc,Offensive,0.069,82,0.053,0.412,0.449,0.171,0.67,0.023,0.006,0.23,0.481,473,195,35,78,43
22024,1610612761,TOR,Toronto Raptors,Misc,Offensive,0.0,82,0.054,0.363,0.306,0.152,0.621,0.03,0.012,0.195,0.343,507,184,37,121,84
22024,1610612748,MIA,Miami Heat,Misc,Defensive,0.897,82,0.047,0.423,0.433,0.135,0.641,0.014,0.005,0.225,0.485,423,179,42,97,55
22024,1610612738,BOS,Boston Celtics,Misc,Defensive,0.828,82,0.047,0.44,0.368,0.13,0.572,0.019,0.002,0.226,0.412,416,183,46,125,79
22024,1610612759,SAS,San Antonio Spurs,Misc,Defensive,0.966,82,0.048,0.416,0.326,0.139,0.566,0.022,0.002,0.225,0.348,445,185,43,132,89
22024,1610612760,OKC,Oklahoma City Thunder,Misc,Defensive,1.0,82,0.061,0.328,0.252,0.144,0.661,0.019,0.0,0.186,0.279,570,187,28,111,83
22024,1610612743,DEN,Denver Nuggets,Misc,Defensive,0.345,82,0.039,0.522,0.372,0.167,0.508,0.022,0.005,0.273,0.421,366,191,45,121,76
22024,1610612742,DAL,Dallas Mavericks,Misc,Defensive,0.483,82,0.043,0.489,0.427,0.179,0.588,0.032,0.005,0.266,0.479,403,197,41,96,55
22024,1610612752,NYK,New York Knicks,Misc,Defensive,0.759,82,0.05,0.455,0.319,0.2,0.602,0.037,0.002,0.251,0.363,455,207,29,91,62
22024,1610612756,PHX,Phoenix Suns,Misc,Defensive,0.552,82,0.048,0.48,0.314,0.21,0.554,0.028,0.007,0.27,0.324,433,208,33,105,72
22024,1610612749,MIL,Milwaukee Bucks,Misc,Defensive,0.621,82,0.048,0.478,0.359,0.159,0.524,0.025,0.005,0.263,0.394,441,211,51,142,91
22024,1610612750,MIN,Minnesota Timberwolves,Misc,Defensive,0.862,82,0.055,0.428,0.325,0.161,0.596,0.028,0.002,0.229,0.35,502,215,40,123,83
22024,1610612741,CHI,Chicago Bulls,Misc,Defensive,0.103,82,0.041,0.563,0.412,0.188,0.499,0.046,0.023,0.285,0.458,389,219,54,131,77
22024,1610612758,SAC,Sacramento Kings,Misc,Defensive,0.793,82,0.055,0.454,0.276,0.214,0.579,0.028,0.004,0.258,0.329,496,225,29,105,76
22024,1610612739,CLE,Cleveland Cavaliers,Misc,Defensive,0.448,82,0.05,0.496,0.312,0.212,0.554,0.013,0.002,0.271,0.353,462,229,34,109,75
22024,1610612747,LAL,Los Angeles Lakers,Misc,Defensive,0.069,82,0.045,0.571,0.438,0.167,0.522,0.032,0.005,0.291,0.504,406,232,56,128,72
22024,1610612755,PHI,Philadelphia 76ers,Misc,Defensive,0.586,82,0.054,0.479,0.383,0.196,0.576,0.02,0.004,0.259,0.422,495,237,44,115,71
22024,1610612744,GSW,Golden State Warriors,Misc,Defensive,0.414,82,0.052,0.501,0.358,0.236,0.543,0.025,0.008,0.284,0.376,475,238,39,109,70
22024,1610612757,POR,Portland Trail Blazers,Misc,Defensive,0.931,82,0.061,0.423,0.348,0.179,0.625,0.023,0.007,0.234,0.387,565,239,40,115,75
22024,1610612764,WAS,Washington Wizards,Misc,Defensive,0.172,82,0.047,0.553,0.347,0.247,0.533,0.034,0.007,0.301,0.366,445,246,35,101,66
22024,1610612761,TOR,Toronto Raptors,Misc,Defensive,0.655,82,0.058,0.469,0.433,0.193,0.619,0.022,0.004,0.265,0.476,540,253,45,104,59
22024,1610612762,UTA,Utah Jazz,Misc,Defensive,0.034,82,0.047,0.578,0.402,0.224,0.507,0.023,0.009,0.317,0.434,438,253,49,122,73
22024,1610612745,HOU,Houston Rockets,Misc,Defensive,0.31,82,0.053,0.526,0.365,0.215,0.551,0.019,0.004,0.277,0.422,483,254,42,115,73
22024,1610612740,NOP,New Orleans Pelicans,Misc,Defensive,0.241,82,0.052,0.531,0.42,0.201,0.531,0.023,0.006,0.297,0.447,478,254,55,131,76
22024,1610612753,ORL,Orlando Magic,Misc,Defensive,0.724,82,0.065,0.457,0.402,0.205,0.613,0.025,0.005,0.256,0.449,571,261,43,107,64
22024,1610612737,ATL,Atlanta Hawks,Misc,Defensive,0.379,82,0.055,0.509,0.4,0.193,0.584,0.031,0.008,0.27,0.442,519,264,48,120,72
22024,1610612754,IND,Indiana Pacers,Misc,Defensive,0.517,82,0.059,0.485,0.455,0.167,0.597,0.022,0.009,0.262,0.485,546,265,61,134,73
22024,1610612763,MEM,Memphis Grizzlies,Misc,Defensive,0.69,82,0.06,0.466,0.325,0.206,0.579,0.017,0.005,0.255,0.369,573,267,41,126,85
22024,1610612746,LAC,LA Clippers,Misc,Defensive,0.0,82,0.055,0.582,0.444,0.198,0.516,0.022,0.008,0.306,0.503,490,285,64,144,80
22024,1610612766,CHA,Charlotte Hornets,Misc,Defensive,0.207,82,0.059,0.546,0.322,0.245,0.538,0.024,0.004,0.295,0.373,535,292,38,118,80
22024,1610612765,DET,Detroit Pistons,Misc,Defensive,0.276,82,0.061,0.529,0.342,0.255,0.556,0.019,0.007,0.303,0.387,565,299,38,111,73
22024,1610612751,BKN,Brooklyn Nets,Misc,Defensive,0.138,82,0.063,0.555,0.455,0.199,0.553,0.028,0.005,0.294,0.497,564,313,65,143,78
22024,1610612744,GSW,Golden State Warriors,OffScreen,Offensive,0.793,82,0.077,1.052,0.387,0.058,0.061,0.052,0.013,0.39,0.535,710,747,246,635,389
22024,1610612762,UTA,Utah Jazz,OffScreen,Offensive,0.552,82,0.065,0.982,0.385,0.061,0.067,0.054,0.015,0.386,0.499,609,598,208,540,332
22024,1610612756,PHX,Phoenix Suns,OffScreen,Offensive,0.966,82,0.054,1.121,0.476,0.094,0.077,0.081,0.013,0.478,0.572,479,537,192,403,211
22024,1610612750,MIN,Minnesota Timberwolves,OffScreen,Offensive,0.643,82,0.049,1.0,0.416,0.104,0.117,0.102,0.029,0.411,0.525,443,443,149,358,209
22024,1610612765,DET,Detroit Pistons,OffScreen,Offensive,0.724,82,0.046,1.021,0.384,0.047,0.049,0.044,0.016,0.379,0.521,430,439,152,396,244
22024,1610612743,DEN,Denver Nuggets,OffScreen,Offensive,0.276,82,0.047,0.952,0.398,0.05,0.073,0.039,0.011,0.388,0.496,438,417,155,389,234
22024,1610612738,BOS,Boston Celtics,OffScreen,Offensive,0.897,82,0.04,1.106,0.434,0.045,0.058,0.042,0.008,0.426,0.571,359,397,141,325,184
22024,1610612761,TOR,Toronto Raptors,OffScreen,Offensive,0.448,82,0.041,0.962,0.407,0.069,0.085,0.067,0.023,0.4,0.499,390,375,138,339,201
22024,1610612748,MIA,Miami Heat,OffScreen,Offensive,0.69,82,0.041,1.008,0.399,0.083,0.061,0.074,0.006,0.421,0.49,363,366,125,313,188
22024,1610612740,NOP,New Orleans Pelicans,OffScreen,Offensive,0.207,82,0.042,0.918,0.378,0.052,0.067,0.044,0.005,0.379,0.471,388,356,130,344,214
22024,1610612766,CHA,Charlotte Hornets,OffScreen,Offensive,0.034,82,0.042,0.873,0.352,0.062,0.096,0.057,0.016,0.349,0.452,387,338,117,332,215
22024,1610612747,LAL,Los Angeles Lakers,OffScreen,Offensive,0.828,82,0.035,1.074,0.414,0.09,0.048,0.08,0.013,0.433,0.531,312,335,113,273,160
22024,1610612764,WAS,Washington Wizards,OffScreen,Offensive,0.414,82,0.038,0.957,0.402,0.077,0.094,0.06,0.017,0.4,0.49,350,335,119,296,177
22024,1610612752,NYK,New York Knicks,OffScreen,Offensive,0.483,82,0.038,0.962,0.418,0.07,0.07,0.07,0.029,0.409,0.495,342,329,127,304,177
22024,1610612751,BKN,Brooklyn Nets,OffScreen,Offensive,0.643,82,0.034,1.0,0.376,0.07,0.046,0.063,0.013,0.394,0.494,302,302,102,271,169
22024,1610612742,DAL,Dallas Mavericks,OffScreen,Offensive,0.241,82,0.033,0.947,0.386,0.08,0.083,0.073,0.023,0.382,0.481,301,285,100,259,159
22024,1610612759,SAS,San Antonio Spurs,OffScreen,Offensive,0.759,82,0.03,1.022,0.428,0.074,0.092,0.07,0.007,0.426,0.535,272,278,98,229,131
22024,1610612763,MEM,Memphis Grizzlies,OffScreen,Offensive,0.862,82,0.026,1.097,0.488,0.089,0.097,0.081,0.028,0.468,0.579,248,272,102,209,107
22024,1610612739,CLE,Cleveland Cavaliers,OffScreen,Offensive,0.345,82,0.03,0.956,0.387,0.066,0.088,0.055,0.011,0.383,0.496,274,262,91,235,144
22024,1610612757,POR,Portland Trail Blazers,OffScreen,Offensive,0.069,82,0.031,0.875,0.377,0.088,0.098,0.085,0.024,0.369,0.466,295,258,93,247,154
22024,1610612760,OKC,Oklahoma City Thunder,OffScreen,Offensive,0.517,82,0.027,0.972,0.407,0.043,0.079,0.04,0.016,0.391,0.507,253,246,92,226,134
22024,1610612755,PHI,Philadelphia 76ers,OffScreen,Offensive,0.138,82,0.03,0.895,0.381,0.04,0.095,0.04,0.004,0.367,0.473,275,246,91,239,148
22024,1610612737,ATL,Atlanta Hawks,OffScreen,Offensive,0.103,82,0.029,0.878,0.367,0.09,0.1,0.068,0.011,0.38,0.439,279,245,84,229,145
22024,1610612758,SAC,Sacramento Kings,OffScreen,Offensive,0.931,82,0.024,1.12,0.436,0.065,0.032,0.065,0.028,0.442,0.55,217,243,88,202,114
22024,1610612754,IND,Indiana Pacers,OffScreen,Offensive,1.0,82,0.022,1.193,0.46,0.099,0.054,0.094,0.025,0.47,0.602,202,241,81,176,95
22024,1610612746,LAC,LA Clippers,OffScreen,Offensive,0.31,82,0.028,0.952,0.416,0.103,0.083,0.095,0.016,0.429,0.476,252,240,87,209,122
22024,1610612753,ORL,Orlando Magic,OffScreen,Offensive,0.0,82,0.032,0.776,0.339,0.031,0.1,0.031,0.007,0.321,0.415,290,225,86,254,168
22024,1610612741,CHI,Chicago Bulls,OffScreen,Offensive,0.172,82,0.025,0.903,0.362,0.055,0.084,0.055,0.008,0.361,0.469,238,215,75,207,132
22024,1610612745,HOU,Houston Rockets,OffScreen,Offensive,0.379,82,0.022,0.957,0.383,0.039,0.068,0.039,0.014,0.372,0.5,207,198,72,188,116
22024,1610612749,MIL,Milwaukee Bucks,OffScreen,Offensive,0.586,82,0.021,0.984,0.377,0.032,0.043,0.032,0.011,0.374,0.506,187,184,66,175,109
22024,1610612751,BKN,Brooklyn Nets,OffScreen,Defensive,0.828,82,0.027,0.939,0.377,0.074,0.102,0.053,0.012,0.377,0.478,244,229,77,204,127
22024,1610612755,PHI,Philadelphia 76ers,OffScreen,Defensive,0.241,82,0.027,1.025,0.433,0.07,0.102,0.07,0.025,0.414,0.536,244,250,90,208,118
22024,1610612744,GSW,Golden State Warriors,OffScreen,Defensive,1.0,82,0.033,0.85,0.379,0.06,0.106,0.05,0.017,0.355,0.453,301,256,97,256,159
22024,1610612738,BOS,Boston Celtics,OffScreen,Defensive,0.379,82,0.029,1.004,0.423,0.055,0.094,0.055,0.012,0.408,0.525,255,256,93,220,127
22024,1610612745,HOU,Houston Rockets,OffScreen,Defensive,0.931,82,0.033,0.88,0.375,0.067,0.073,0.063,0.01,0.377,0.454,300,264,98,261,163
22024,1610612739,CLE,Cleveland Cavaliers,OffScreen,Defensive,0.621,82,0.03,0.957,0.377,0.058,0.065,0.058,0.011,0.381,0.486,278,266,93,247,154
22024,1610612747,LAL,Los Angeles Lakers,OffScreen,Defensive,0.966,82,0.036,0.877,0.372,0.063,0.087,0.06,0.018,0.364,0.455,332,291,107,288,181
22024,1610612746,LAC,LA Clippers,OffScreen,Defensive,0.31,82,0.032,1.014,0.422,0.059,0.11,0.055,0.028,0.393,0.546,290,294,105,249,144
22024,1610612748,MIA,Miami Heat,OffScreen,Defensive,0.103,82,0.033,1.048,0.418,0.072,0.041,0.069,0.01,0.433,0.519,291,305,109,261,152
22024,1610612754,IND,Indiana Pacers,OffScreen,Defensive,0.586,82,0.035,0.966,0.396,0.068,0.08,0.065,0.006,0.401,0.496,324,313,110,278,168
22024,1610612761,TOR,Toronto Raptors,OffScreen,Defensive,0.793,82,0.037,0.945,0.38,0.082,0.064,0.064,0.02,0.391,0.473,343,324,114,300,186
22024,1610612740,NOP,New Orleans Pelicans,OffScreen,Defensive,0.724,82,0.037,0.953,0.379,0.053,0.068,0.053,0.006,0.382,0.48,340,324,114,301,187
22024,1610612760,OKC,Oklahoma City Thunder,OffScreen,Defensive,0.655,82,0.037,0.956,0.375,0.064,0.067,0.056,0.012,0.38,0.49,342,327,113,301,188
22024,1610612765,DET,Detroit Pistons,OffScreen,Defensive,0.345,82,0.035,1.012,0.395,0.058,0.071,0.046,0.009,0.397,0.519,325,329,113,286,173
22024,1610612764,WAS,Washington Wizards,OffScreen,Defensive,0.897,82,0.039,0.897,0.367,0.046,0.082,0.041,0.008,0.359,0.465,368,330,119,324,205
22024,1610612752,NYK,New York Knicks,OffScreen,Defensive,0.759,82,0.039,0.946,0.386,0.051,0.08,0.046,0.011,0.38,0.494,350,331,119,308,189
22024,1610612757,POR,Portland Trail Blazers,OffScreen,Defensive,0.034,82,0.033,1.082,0.438,0.069,0.078,0.059,0.013,0.435,0.56,306,331,116,265,149
22024,1610612758,SAC,Sacramento Kings,OffScreen,Defensive,0.138,82,0.035,1.047,0.432,0.069,0.075,0.056,0.013,0.425,0.552,320,335,120,278,158
22024,1610612759,SAS,San Antonio Spurs,OffScreen,Defensive,0.862,82,0.041,0.93,0.369,0.068,0.073,0.06,0.018,0.373,0.469,383,356,124,336,212
22024,1610612749,MIL,Milwaukee Bucks,OffScreen,Defensive,0.448,82,0.04,0.992,0.399,0.063,0.068,0.057,0.022,0.396,0.502,366,363,130,326,196
22024,1610612737,ATL,Atlanta Hawks,OffScreen,Defensive,0.483,82,0.039,0.989,0.408,0.065,0.073,0.06,0.005,0.408,0.513,368,364,130,319,189
22024,1610612743,DEN,Denver Nuggets,OffScreen,Defensive,0.276,82,0.039,1.014,0.412,0.055,0.091,0.053,0.008,0.399,0.535,361,366,128,311,183
22024,1610612763,MEM,Memphis Grizzlies,OffScreen,Defensive,0.517,82,0.039,0.976,0.378,0.098,0.053,0.093,0.024,0.402,0.471,376,367,124,328,204
22024,1610612753,ORL,Orlando Magic,OffScreen,Defensive,0.414,82,0.042,1.0,0.408,0.079,0.079,0.068,0.024,0.405,0.514,368,368,130,319,189
22024,1610612742,DAL,Dallas Mavericks,OffScreen,Defensive,0.69,82,0.042,0.954,0.398,0.093,0.075,0.093,0.023,0.407,0.48,388,370,132,332,200
22024,1610612741,CHI,Chicago Bulls,OffScreen,Defensive,0.069,82,0.037,1.06,0.434,0.072,0.08,0.072,0.017,0.43,0.546,349,370,131,302,171
22024,1610612750,MIN,Minnesota Timberwolves,OffScreen,Defensive,0.172,82,0.039,1.039,0.399,0.076,0.05,0.067,0.025,0.406,0.514,357,371,128,321,193
22024,1610612756,PHX,Phoenix Suns,OffScreen,Defensive,0.552,82,0.044,0.975,0.387,0.078,0.075,0.07,0.013,0.395,0.499,400,390,133,344,211
22024,1610612766,CHA,Charlotte Hornets,OffScreen,Defensive,0.207,82,0.043,1.036,0.423,0.062,0.075,0.057,0.005,0.422,0.537,389,403,143,338,195
22024,1610612762,UTA,Utah Jazz,OffScreen,Defensive,0.0,82,0.046,1.173,0.46,0.069,0.055,0.065,0.025,0.456,0.593,434,509,180,391,211
22024,1610612743,DEN,Denver Nuggets,Postup,Offensive,0.724,82,0.071,1.03,0.547,0.144,0.136,0.121,0.035,0.517,0.547,661,681,273,499,226
22024,1610612749,MIL,Milwaukee Bucks,Postup,Offensive,0.448,82,0.068,0.957,0.514,0.141,0.12,0.123,0.039,0.487,0.514,608,582,243,473,230
22024,1610612738,BOS,Boston Celtics,Postup,Offensive,0.828,82,0.06,1.05,0.507,0.197,0.093,0.181,0.039,0.533,0.507,537,564,204,402,198
22024,1610612745,HOU,Houston Rockets,Postup,Offensive,0.931,82,0.053,1.087,0.571,0.171,0.107,0.139,0.034,0.563,0.571,503,547,217,380,163
22024,1610612758,SAC,Sacramento Kings,Postup,Offensive,0.862,82,0.053,1.066,0.536,0.17,0.1,0.15,0.039,0.535,0.536,488,520,201,375,174
22024,1610612754,IND,Indiana Pacers,Postup,Offensive,1.0,82,0.048,1.094,0.555,0.172,0.101,0.146,0.039,0.556,0.555,437,478,186,335,149
22024,1610612746,LAC,LA Clippers,Postup,Offensive,0.793,82,0.048,1.044,0.574,0.116,0.132,0.109,0.03,0.53,0.574,432,451,194,338,144
22024,1610612747,LAL,Los Angeles Lakers,Postup,Offensive,0.483,82,0.05,0.971,0.482,0.171,0.111,0.147,0.031,0.497,0.482,449,436,162,336,174
22024,1610612763,MEM,Memphis Grizzlies,Postup,Offensive,0.966,82,0.039,1.089,0.563,0.209,0.118,0.183,0.052,0.547,0.563,382,416,156,277,121
22024,1610612752,NYK,New York Knicks,Postup,Offensive,0.414,82,0.048,0.956,0.513,0.123,0.135,0.107,0.039,0.476,0.513,431,412,173,337,164
22024,1610612765,DET,Detroit Pistons,Postup,Offensive,0.759,82,0.039,1.031,0.526,0.125,0.094,0.106,0.011,0.525,0.526,360,371,150,285,135
22024,1610612748,MIA,Miami Heat,Postup,Offensive,0.172,82,0.039,0.911,0.462,0.152,0.121,0.135,0.032,0.466,0.462,348,317,122,264,142
22024,1610612753,ORL,Orlando Magic,Postup,Offensive,0.517,82,0.036,0.978,0.476,0.205,0.112,0.165,0.022,0.503,0.476,322,315,108,227,119
22024,1610612750,MIN,Minnesota Timberwolves,Postup,Offensive,0.69,82,0.033,1.013,0.507,0.169,0.113,0.166,0.033,0.513,0.507,302,306,115,227,112
22024,1610612755,PHI,Philadelphia 76ers,Postup,Offensive,0.379,82,0.033,0.953,0.507,0.137,0.154,0.12,0.037,0.475,0.507,299,285,113,223,110
22024,1610612742,DAL,Dallas Mavericks,Postup,Offensive,0.621,82,0.031,1.004,0.484,0.191,0.106,0.177,0.049,0.502,0.484,283,284,103,213,110
22024,1610612741,CHI,Chicago Bulls,Postup,Offensive,0.207,82,0.032,0.926,0.496,0.094,0.138,0.088,0.02,0.461,0.496,297,275,116,234,118
22024,1610612761,TOR,Toronto Raptors,Postup,Offensive,0.31,82,0.03,0.94,0.5,0.152,0.138,0.138,0.018,0.481,0.5,283,266,103,206,103
22024,1610612759,SAS,San Antonio Spurs,Postup,Offensive,0.655,82,0.029,1.004,0.552,0.144,0.155,0.121,0.027,0.515,0.552,264,265,106,192,86
22024,1610612756,PHX,Phoenix Suns,Postup,Offensive,0.552,82,0.026,0.987,0.466,0.215,0.103,0.193,0.064,0.494,0.466,233,230,81,174,93
22024,1610612764,WAS,Washington Wizards,Postup,Offensive,0.345,82,0.026,0.942,0.488,0.146,0.158,0.129,0.013,0.479,0.488,240,226,83,170,87
22024,1610612744,GSW,Golden State Warriors,Postup,Offensive,0.276,82,0.023,0.939,0.497,0.225,0.15,0.188,0.047,0.484,0.497,213,200,71,143,72
22024,1610612766,CHA,Charlotte Hornets,Postup,Offensive,0.586,82,0.02,1.0,0.482,0.187,0.104,0.148,0.044,0.495,0.482,182,182,66,137,71
22024,1610612740,NOP,New Orleans Pelicans,Postup,Offensive,0.103,82,0.02,0.899,0.482,0.169,0.143,0.153,0.048,0.46,0.482,189,170,67,139,72
22024,1610612751,BKN,Brooklyn Nets,Postup,Offensive,0.069,82,0.02,0.891,0.432,0.175,0.115,0.164,0.049,0.443,0.432,183,163,60,139,79
22024,1610612739,CLE,Cleveland Cavaliers,Postup,Offensive,0.897,82,0.016,1.066,0.558,0.191,0.105,0.151,0.039,0.546,0.558,152,162,63,113,50
22024,1610612762,UTA,Utah Jazz,Postup,Offensive,0.034,82,0.017,0.888,0.443,0.2,0.125,0.169,0.044,0.456,0.443,160,142,51,115,64
22024,1610612757,POR,Portland Trail Blazers,Postup,Offensive,0.0,82,0.016,0.885,0.427,0.176,0.149,0.128,0.02,0.446,0.427,148,131,44,103,59
22024,1610612737,ATL,Atlanta Hawks,Postup,Offensive,0.241,82,0.014,0.934,0.465,0.175,0.146,0.153,0.044,0.467,0.465,137,128,46,99,53
22024,1610612760,OKC,Oklahoma City Thunder,Postup,Offensive,0.138,82,0.015,0.91,0.467,0.127,0.127,0.112,0.037,0.455,0.467,134,122,49,105,56
22024,1610612749,MIL,Milwaukee Bucks,Postup,Defensive,0.759,82,0.027,0.918,0.483,0.167,0.135,0.135,0.02,0.49,0.483,245,225,85,176,91
22024,1610612750,MIN,Minnesota Timberwolves,Postup,Defensive,0.69,82,0.027,0.963,0.503,0.123,0.119,0.099,0.029,0.481,0.503,243,234,96,191,95
22024,1610612763,MEM,Memphis Grizzlies,Postup,Defensive,0.862,82,0.029,0.903,0.463,0.151,0.144,0.133,0.018,0.464,0.463,278,251,93,201,108
22024,1610612746,LAC,LA Clippers,Postup,Defensive,0.828,82,0.031,0.91,0.437,0.195,0.123,0.191,0.036,0.466,0.437,277,252,87,199,112
22024,1610612765,DET,Detroit Pistons,Postup,Defensive,1.0,82,0.036,0.83,0.403,0.142,0.115,0.127,0.024,0.421,0.403,330,274,102,253,151
22024,1610612755,PHI,Philadelphia 76ers,Postup,Defensive,0.621,82,0.031,0.972,0.515,0.16,0.156,0.142,0.025,0.489,0.515,282,274,103,200,97
22024,1610612743,DEN,Denver Nuggets,Postup,Defensive,0.897,82,0.033,0.899,0.455,0.146,0.11,0.14,0.042,0.451,0.455,308,277,110,242,132
22024,1610612752,NYK,New York Knicks,Postup,Defensive,0.655,82,0.032,0.969,0.5,0.15,0.101,0.136,0.014,0.5,0.5,286,277,109,218,109
22024,1610612761,TOR,Toronto Raptors,Postup,Defensive,0.31,82,0.03,1.047,0.508,0.226,0.115,0.197,0.047,0.527,0.508,279,292,100,197,97
22024,1610612745,HOU,Houston Rockets,Postup,Defensive,0.966,82,0.037,0.89,0.449,0.169,0.125,0.134,0.027,0.454,0.449,337,300,111,247,136
22024,1610612757,POR,Portland Trail Blazers,Postup,Defensive,0.586,82,0.034,0.978,0.498,0.153,0.131,0.127,0.025,0.497,0.498,314,307,116,233,117
22024,1610612754,IND,Indiana Pacers,Postup,Defensive,0.345,82,0.032,1.03,0.54,0.127,0.107,0.12,0.03,0.517,0.54,300,309,129,239,110
22024,1610612758,SAC,Sacramento Kings,Postup,Defensive,0.724,82,0.037,0.932,0.475,0.139,0.118,0.124,0.036,0.467,0.475,338,315,125,263,138
22024,1610612748,MIA,Miami Heat,Postup,Defensive,0.0,82,0.031,1.143,0.583,0.168,0.093,0.147,0.043,0.57,0.583,279,319,127,218,91
22024,1610612747,LAL,Los Angeles Lakers,Postup,Defensive,0.379,82,0.034,1.022,0.529,0.192,0.144,0.169,0.048,0.514,0.529,313,320,118,223,105
22024,1610612740,NOP,New Orleans Pelicans,Postup,Defensive,0.034,82,0.032,1.113,0.593,0.178,0.14,0.154,0.051,0.558,0.593,292,325,127,214,87
22024,1610612738,BOS,Boston Celtics,Postup,Defensive,0.552,82,0.037,0.988,0.504,0.136,0.099,0.123,0.036,0.497,0.504,332,328,134,266,132
22024,1610612737,ATL,Atlanta Hawks,Postup,Defensive,0.103,82,0.032,1.11,0.583,0.156,0.123,0.123,0.043,0.551,0.583,301,334,134,230,96
22024,1610612756,PHX,Phoenix Suns,Postup,Defensive,0.241,82,0.035,1.063,0.541,0.156,0.108,0.143,0.032,0.533,0.541,315,335,131,242,111
22024,1610612744,GSW,Golden State Warriors,Postup,Defensive,0.138,82,0.034,1.08,0.548,0.173,0.106,0.16,0.051,0.545,0.548,312,337,132,241,109
22024,1610612760,OKC,Oklahoma City Thunder,Postup,Defensive,0.483,82,0.037,1.003,0.512,0.169,0.12,0.137,0.041,0.507,0.512,343,344,132,258,126
22024,1610612762,UTA,Utah Jazz,Postup,Defensive,0.414,82,0.037,1.018,0.523,0.155,0.108,0.129,0.018,0.526,0.523,342,348,135,258,123
22024,1610612739,CLE,Cleveland Cavaliers,Postup,Defensive,0.931,82,0.042,0.891,0.488,0.139,0.149,0.122,0.041,0.453,0.488,395,352,145,297,152
22024,1610612751,BKN,Brooklyn Nets,Postup,Defensive,0.069,82,0.036,1.113,0.575,0.235,0.113,0.185,0.056,0.564,0.575,319,355,130,226,96
22024,1610612764,WAS,Washington Wizards,Postup,Defensive,0.793,82,0.042,0.916,0.469,0.175,0.129,0.155,0.036,0.467,0.469,394,361,135,288,153
22024,1610612742,DAL,Dallas Mavericks,Postup,Defensive,0.517,82,0.041,1.003,0.536,0.131,0.141,0.123,0.037,0.501,0.536,383,384,157,293,136
22024,1610612766,CHA,Charlotte Hornets,Postup,Defensive,0.448,82,0.043,1.005,0.517,0.153,0.124,0.127,0.039,0.503,0.517,386,388,152,294,142
22024,1610612753,ORL,Orlando Magic,Postup,Defensive,0.207,82,0.042,1.071,0.556,0.177,0.114,0.147,0.038,0.554,0.556,368,394,153,275,122
22024,1610612741,CHI,Chicago Bulls,Postup,Defensive,0.172,82,0.039,1.073,0.541,0.196,0.097,0.175,0.043,0.546,0.541,372,399,151,279,128
22024,1610612759,SAS,San Antonio Spurs,Postup,Defensive,0.276,82,0.042,1.058,0.559,0.147,0.122,0.129,0.028,0.536,0.559,394,417,167,299,132
22024,1610612739,CLE,Cleveland Cavaliers,PRBallHandler,Offensive,0.966,82,0.218,0.989,0.457,0.098,0.129,0.091,0.021,0.437,0.529,2013,1990,730,1597,867
22024,1610612760,OKC,Oklahoma City Thunder,PRBallHandler,Offensive,0.862,82,0.177,0.965,0.473,0.134,0.138,0.121,0.028,0.457,0.505,1636,1579,585,1237,652
22024,1610612766,CHA,Charlotte Hornets,PRBallHandler,Offensive,0.0,82,0.209,0.803,0.369,0.072,0.138,0.066,0.012,0.354,0.43,1932,1552,572,1550,978
22024,1610612754,IND,Indiana Pacers,PRBallHandler,Offensive,0.793,82,0.174,0.955,0.454,0.093,0.121,0.08,0.014,0.437,0.509,1587,1516,576,1270,694
22024,1610612757,POR,Portland Trail Blazers,PRBallHandler,Offensive,0.483,82,0.18,0.887,0.425,0.098,0.157,0.089,0.024,0.398,0.488,1700,1508,556,1307,751
22024,1610612745,HOU,Houston Rockets,PRBallHandler,Offensive,0.414,82,0.171,0.884,0.411,0.086,0.127,0.077,0.015,0.399,0.47,1633,1443,539,1310,771
22024,1610612737,ATL,Atlanta Hawks,PRBallHandler,Offensive,0.655,82,0.163,0.913,0.433,0.104,0.17,0.089,0.017,0.405,0.503,1561,1425,503,1161,658
22024,1610612764,WAS,Washington Wizards,PRBallHandler,Offensive,0.31,82,0.18,0.844,0.41,0.099,0.164,0.082,0.019,0.384,0.465,1679,1417,520,1269,749
22024,1610612765,DET,Detroit Pistons,PRBallHandler,Offensive,0.517,82,0.171,0.887,0.428,0.095,0.145,0.087,0.018,0.408,0.48,1590,1411,529,1237,708
22024,1610612750,MIN,Minnesota Timberwolves,PRBallHandler,Offensive,0.724,82,0.163,0.92,0.424,0.091,0.17,0.079,0.02,0.391,0.516,1482,1364,477,1125,648
22024,1610612753,ORL,Orlando Magic,PRBallHandler,Offensive,0.241,82,0.181,0.836,0.412,0.111,0.168,0.102,0.021,0.393,0.453,1617,1352,495,1201,706
22024,1610612752,NYK,New York Knicks,PRBallHandler,Offensive,1.0,82,0.15,0.999,0.462,0.105,0.111,0.093,0.016,0.455,0.52,1351,1349,499,1081,582
22024,1610612741,CHI,Chicago Bulls,PRBallHandler,Offensive,0.586,82,0.159,0.903,0.443,0.102,0.171,0.094,0.019,0.412,0.496,1492,1348,493,1114,621
22024,1610612740,NOP,New Orleans Pelicans,PRBallHandler,Offensive,0.069,82,0.178,0.81,0.405,0.082,0.169,0.076,0.013,0.374,0.454,1654,1340,510,1260,750
22024,1610612758,SAC,Sacramento Kings,PRBallHandler,Offensive,0.931,82,0.15,0.974,0.482,0.101,0.143,0.096,0.023,0.452,0.526,1375,1339,517,1072,555
22024,1610612738,BOS,Boston Celtics,PRBallHandler,Offensive,0.897,82,0.154,0.967,0.426,0.087,0.143,0.073,0.015,0.404,0.529,1380,1335,462,1084,622
22024,1610612755,PHI,Philadelphia 76ers,PRBallHandler,Offensive,0.345,82,0.17,0.87,0.411,0.093,0.141,0.083,0.02,0.393,0.468,1534,1335,496,1207,711
22024,1610612749,MIL,Milwaukee Bucks,PRBallHandler,Offensive,0.828,82,0.153,0.965,0.46,0.126,0.162,0.116,0.021,0.436,0.519,1362,1314,460,1000,540
22024,1610612756,PHX,Phoenix Suns,PRBallHandler,Offensive,0.448,82,0.164,0.887,0.429,0.098,0.155,0.092,0.012,0.411,0.474,1463,1297,476,1109,633
22024,1610612747,LAL,Los Angeles Lakers,PRBallHandler,Offensive,0.69,82,0.159,0.914,0.436,0.126,0.175,0.114,0.024,0.413,0.502,1415,1293,446,1024,578
22024,1610612742,DAL,Dallas Mavericks,PRBallHandler,Offensive,0.759,82,0.153,0.923,0.431,0.116,0.13,0.11,0.029,0.421,0.48,1396,1289,472,1094,622
22024,1610612748,MIA,Miami Heat,PRBallHandler,Offensive,0.379,82,0.162,0.882,0.441,0.089,0.18,0.083,0.022,0.396,0.502,1436,1267,476,1080,604
22024,1610612746,LAC,LA Clippers,PRBallHandler,Offensive,0.552,82,0.146,0.901,0.429,0.088,0.161,0.081,0.015,0.399,0.492,1308,1179,430,1002,572
22024,1610612762,UTA,Utah Jazz,PRBallHandler,Offensive,0.172,82,0.15,0.831,0.408,0.092,0.193,0.076,0.015,0.37,0.479,1414,1175,421,1032,611
22024,1610612759,SAS,San Antonio Spurs,PRBallHandler,Offensive,0.276,82,0.138,0.841,0.42,0.097,0.174,0.088,0.018,0.389,0.473,1268,1066,398,947,549
22024,1610612751,BKN,Brooklyn Nets,PRBallHandler,Offensive,0.207,82,0.14,0.833,0.412,0.111,0.178,0.097,0.022,0.389,0.451,1247,1039,377,914,537
22024,1610612761,TOR,Toronto Raptors,PRBallHandler,Offensive,0.034,82,0.135,0.809,0.427,0.109,0.196,0.1,0.024,0.387,0.46,1275,1031,391,916,525
22024,1610612743,DEN,Denver Nuggets,PRBallHandler,Offensive,0.621,82,0.121,0.907,0.45,0.079,0.167,0.07,0.014,0.405,0.515,1129,1024,391,868,477
22024,1610612744,GSW,Golden State Warriors,PRBallHandler,Offensive,0.103,82,0.134,0.818,0.369,0.105,0.13,0.094,0.015,0.373,0.426,1243,1017,358,970,612
22024,1610612763,MEM,Memphis Grizzlies,PRBallHandler,Offensive,0.138,82,0.102,0.824,0.416,0.075,0.177,0.065,0.016,0.376,0.461,984,811,313,752,439
22024,1610612751,BKN,Brooklyn Nets,PRBallHandler,Defensive,0.862,82,0.113,0.845,0.426,0.134,0.209,0.115,0.021,0.396,0.482,1003,848,290,680,390
22024,1610612762,UTA,Utah Jazz,PRBallHandler,Defensive,0.655,82,0.126,0.877,0.418,0.093,0.137,0.08,0.014,0.406,0.47,1181,1036,387,925,538
22024,1610612747,LAL,Los Angeles Lakers,PRBallHandler,Defensive,1.0,82,0.151,0.812,0.379,0.078,0.149,0.07,0.012,0.36,0.439,1378,1119,409,1080,671
22024,1610612744,GSW,Golden State Warriors,PRBallHandler,Defensive,0.828,82,0.145,0.852,0.443,0.102,0.214,0.092,0.026,0.388,0.495,1321,1125,415,937,522
22024,1610612739,CLE,Cleveland Cavaliers,PRBallHandler,Defensive,0.69,82,0.142,0.871,0.415,0.086,0.151,0.079,0.014,0.39,0.474,1321,1150,426,1027,601
22024,1610612740,NOP,New Orleans Pelicans,PRBallHandler,Defensive,0.586,82,0.142,0.884,0.425,0.101,0.158,0.088,0.018,0.401,0.484,1311,1159,422,994,572
22024,1610612760,OKC,Oklahoma City Thunder,PRBallHandler,Defensive,0.931,82,0.153,0.831,0.396,0.11,0.178,0.099,0.018,0.378,0.454,1424,1184,411,1039,628
22024,1610612743,DEN,Denver Nuggets,PRBallHandler,Defensive,0.897,82,0.152,0.837,0.404,0.097,0.174,0.089,0.018,0.378,0.461,1423,1191,430,1064,634
22024,1610612742,DAL,Dallas Mavericks,PRBallHandler,Defensive,0.276,82,0.143,0.919,0.44,0.079,0.14,0.071,0.015,0.412,0.501,1334,1226,467,1062,595
22024,1610612746,LAC,LA Clippers,PRBallHandler,Defensive,0.966,82,0.173,0.831,0.407,0.103,0.181,0.09,0.02,0.378,0.461,1549,1287,464,1140,676
22024,1610612758,SAC,Sacramento Kings,PRBallHandler,Defensive,0.103,82,0.152,0.932,0.457,0.106,0.168,0.099,0.022,0.422,0.515,1382,1288,472,1033,561
22024,1610612755,PHI,Philadelphia 76ers,PRBallHandler,Defensive,0.207,82,0.155,0.924,0.465,0.101,0.198,0.092,0.014,0.418,0.529,1416,1308,471,1012,541
22024,1610612754,IND,Indiana Pacers,PRBallHandler,Defensive,0.793,82,0.165,0.853,0.421,0.117,0.178,0.102,0.02,0.398,0.465,1538,1312,469,1115,646
22024,1610612759,SAS,San Antonio Spurs,PRBallHandler,Defensive,0.483,82,0.157,0.902,0.436,0.086,0.153,0.08,0.015,0.405,0.495,1455,1313,492,1129,637
22024,1610612748,MIA,Miami Heat,PRBallHandler,Defensive,0.414,82,0.165,0.908,0.43,0.084,0.148,0.077,0.02,0.4,0.499,1476,1340,500,1162,662
22024,1610612766,CHA,Charlotte Hornets,PRBallHandler,Defensive,0.241,82,0.162,0.921,0.418,0.094,0.107,0.085,0.024,0.413,0.476,1464,1348,503,1204,701
22024,1610612764,WAS,Washington Wizards,PRBallHandler,Defensive,0.31,82,0.155,0.918,0.423,0.11,0.132,0.102,0.02,0.417,0.481,1469,1349,483,1142,659
22024,1610612761,TOR,Toronto Raptors,PRBallHandler,Defensive,0.621,82,0.167,0.878,0.406,0.127,0.155,0.109,0.016,0.407,0.465,1554,1365,463,1141,678
22024,1610612753,ORL,Orlando Magic,PRBallHandler,Defensive,0.724,82,0.181,0.869,0.425,0.088,0.156,0.081,0.02,0.393,0.481,1586,1378,524,1232,708
22024,1610612756,PHX,Phoenix Suns,PRBallHandler,Defensive,0.069,82,0.164,0.933,0.423,0.105,0.123,0.096,0.023,0.414,0.486,1492,1392,502,1187,685
22024,1610612749,MIL,Milwaukee Bucks,PRBallHandler,Defensive,0.345,82,0.166,0.918,0.439,0.096,0.149,0.086,0.017,0.413,0.498,1526,1401,517,1178,661
22024,1610612757,POR,Portland Trail Blazers,PRBallHandler,Defensive,0.0,82,0.158,0.963,0.462,0.091,0.131,0.084,0.019,0.438,0.512,1457,1403,536,1161,625
22024,1610612763,MEM,Memphis Grizzlies,PRBallHandler,Defensive,0.448,82,0.163,0.904,0.426,0.106,0.135,0.089,0.019,0.413,0.485,1561,1411,517,1215,698
22024,1610612737,ATL,Atlanta Hawks,PRBallHandler,Defensive,0.138,82,0.163,0.925,0.455,0.113,0.182,0.101,0.025,0.418,0.513,1536,1421,510,1121,611
22024,1610612738,BOS,Boston Celtics,PRBallHandler,Defensive,0.172,82,0.172,0.925,0.437,0.077,0.125,0.071,0.012,0.417,0.501,1539,1423,544,1246,702
22024,1610612750,MIN,Minnesota Timberwolves,PRBallHandler,Defensive,0.517,82,0.176,0.892,0.433,0.093,0.143,0.083,0.019,0.408,0.482,1597,1425,542,1251,709
22024,1610612741,CHI,Chicago Bulls,PRBallHandler,Defensive,0.552,82,0.172,0.886,0.429,0.091,0.164,0.085,0.023,0.394,0.488,1632,1446,537,1253,716
22024,1610612765,DET,Detroit Pistons,PRBallHandler,Defensive,0.034,82,0.174,0.949,0.461,0.111,0.157,0.102,0.022,0.431,0.522,1602,1521,557,1208,651
22024,1610612745,HOU,Houston Rockets,PRBallHandler,Defensive,0.759,82,0.194,0.864,0.402,0.094,0.136,0.084,0.019,0.39,0.46,1766,1526,560,1394,834
22024,1610612752,NYK,New York Knicks,PRBallHandler,Defensive,0.379,82,0.207,0.918,0.444,0.094,0.142,0.089,0.018,0.42,0.499,1863,1710,648,1458,810
22024,1610612737,ATL,Atlanta Hawks,PRRollMan,Offensive,0.621,82,0.075,1.115,0.533,0.103,0.067,0.1,0.025,0.527,0.58,719,802,328,615,287
22024,1610612749,MIL,Milwaukee Bucks,PRRollMan,Offensive,0.931,82,0.073,1.166,0.518,0.094,0.051,0.091,0.022,0.514,0.604,650,758,295,570,275
22024,1610612754,IND,Indiana Pacers,PRRollMan,Offensive,0.897,82,0.071,1.162,0.491,0.105,0.048,0.103,0.022,0.505,0.581,649,754,277,564,287
22024,1610612739,CLE,Cleveland Cavaliers,PRRollMan,Offensive,0.966,82,0.069,1.174,0.549,0.144,0.063,0.132,0.032,0.552,0.602,634,744,287,523,236
22024,1610612764,WAS,Washington Wizards,PRRollMan,Offensive,0.103,82,0.074,1.029,0.449,0.108,0.054,0.102,0.025,0.466,0.511,686,706,266,592,326
22024,1610612741,CHI,Chicago Bulls,PRRollMan,Offensive,0.759,82,0.065,1.139,0.51,0.064,0.052,0.061,0.025,0.499,0.581,611,696,283,555,272
22024,1610612759,SAS,San Antonio Spurs,PRRollMan,Offensive,0.828,82,0.064,1.148,0.531,0.107,0.075,0.102,0.031,0.519,0.592,588,675,265,499,234
22024,1610612747,LAL,Los Angeles Lakers,PRRollMan,Offensive,0.862,82,0.065,1.157,0.542,0.106,0.068,0.103,0.037,0.53,0.597,575,665,269,496,227
22024,1610612766,CHA,Charlotte Hornets,PRRollMan,Offensive,0.172,82,0.067,1.047,0.499,0.134,0.094,0.131,0.036,0.497,0.545,618,647,249,499,250
22024,1610612756,PHX,Phoenix Suns,PRRollMan,Offensive,0.483,82,0.065,1.107,0.538,0.142,0.1,0.135,0.031,0.527,0.582,579,641,246,457,211
22024,1610612760,OKC,Oklahoma City Thunder,PRRollMan,Offensive,0.793,82,0.058,1.144,0.51,0.069,0.075,0.065,0.013,0.495,0.604,535,612,237,465,228
22024,1610612761,TOR,Toronto Raptors,PRRollMan,Offensive,0.655,82,0.058,1.119,0.554,0.092,0.07,0.084,0.02,0.542,0.579,546,611,260,469,209
22024,1610612748,MIA,Miami Heat,PRRollMan,Offensive,0.276,82,0.063,1.062,0.494,0.094,0.061,0.093,0.018,0.501,0.536,561,596,239,484,245
22024,1610612738,BOS,Boston Celtics,PRRollMan,Offensive,0.379,82,0.061,1.08,0.457,0.099,0.066,0.097,0.022,0.467,0.545,548,592,215,470,255
22024,1610612755,PHI,Philadelphia 76ers,PRRollMan,Offensive,0.414,82,0.06,1.083,0.5,0.111,0.091,0.107,0.017,0.491,0.576,540,585,220,440,220
22024,1610612750,MIN,Minnesota Timberwolves,PRRollMan,Offensive,0.586,82,0.057,1.114,0.508,0.125,0.085,0.124,0.023,0.504,0.582,518,577,214,421,207
22024,1610612743,DEN,Denver Nuggets,PRRollMan,Offensive,1.0,82,0.052,1.195,0.566,0.149,0.075,0.139,0.023,0.571,0.619,482,576,218,385,167
22024,1610612740,NOP,New Orleans Pelicans,PRRollMan,Offensive,0.207,82,0.058,1.05,0.5,0.15,0.078,0.143,0.026,0.501,0.545,539,566,215,430,215
22024,1610612753,ORL,Orlando Magic,PRRollMan,Offensive,0.069,82,0.063,1.005,0.448,0.145,0.072,0.133,0.029,0.477,0.499,558,561,203,453,250
22024,1610612762,UTA,Utah Jazz,PRRollMan,Offensive,0.138,82,0.056,1.03,0.468,0.112,0.076,0.106,0.042,0.462,0.528,526,542,210,449,239
22024,1610612758,SAC,Sacramento Kings,PRRollMan,Offensive,0.448,82,0.054,1.085,0.488,0.099,0.059,0.097,0.02,0.498,0.549,494,536,208,426,218
22024,1610612745,HOU,Houston Rockets,PRRollMan,Offensive,0.034,82,0.056,0.994,0.464,0.113,0.066,0.111,0.021,0.47,0.508,532,529,208,448,240
22024,1610612757,POR,Portland Trail Blazers,PRRollMan,Offensive,0.517,82,0.049,1.108,0.527,0.09,0.06,0.084,0.028,0.518,0.57,465,515,215,408,193
22024,1610612746,LAC,LA Clippers,PRRollMan,Offensive,0.31,82,0.052,1.075,0.528,0.092,0.08,0.09,0.019,0.516,0.565,465,500,208,394,186
22024,1610612765,DET,Detroit Pistons,PRRollMan,Offensive,0.552,82,0.047,1.113,0.53,0.131,0.078,0.124,0.028,0.523,0.579,434,483,188,355,167
22024,1610612752,NYK,New York Knicks,PRRollMan,Offensive,0.724,82,0.045,1.132,0.523,0.127,0.075,0.122,0.03,0.53,0.572,402,455,174,333,159
22024,1610612742,DAL,Dallas Mavericks,PRRollMan,Offensive,0.345,82,0.045,1.075,0.517,0.09,0.078,0.088,0.024,0.509,0.564,411,442,182,352,170
22024,1610612744,GSW,Golden State Warriors,PRRollMan,Offensive,0.241,82,0.041,1.056,0.513,0.085,0.098,0.08,0.024,0.489,0.565,376,397,162,316,154
22024,1610612763,MEM,Memphis Grizzlies,PRRollMan,Offensive,0.69,82,0.035,1.127,0.526,0.104,0.074,0.101,0.038,0.515,0.584,338,381,153,291,138
22024,1610612751,BKN,Brooklyn Nets,PRRollMan,Offensive,0.0,82,0.042,0.929,0.452,0.098,0.071,0.093,0.019,0.442,0.491,378,351,145,321,176
22024,1610612739,CLE,Cleveland Cavaliers,PRRollMan,Defensive,0.793,82,0.044,1.034,0.48,0.096,0.074,0.084,0.02,0.479,0.529,407,421,166,346,180
22024,1610612747,LAL,Los Angeles Lakers,PRRollMan,Defensive,0.31,82,0.046,1.121,0.532,0.109,0.071,0.107,0.026,0.528,0.573,422,473,190,357,167
22024,1610612757,POR,Portland Trail Blazers,PRRollMan,Defensive,0.724,82,0.049,1.062,0.499,0.121,0.055,0.119,0.026,0.508,0.535,455,483,193,387,194
22024,1610612746,LAC,LA Clippers,PRRollMan,Defensive,0.759,82,0.054,1.039,0.494,0.091,0.095,0.089,0.017,0.48,0.547,483,502,198,401,203
22024,1610612738,BOS,Boston Celtics,PRRollMan,Defensive,1.0,82,0.056,1.012,0.452,0.092,0.05,0.09,0.01,0.468,0.513,500,506,196,434,238
22024,1610612744,GSW,Golden State Warriors,PRRollMan,Defensive,0.655,82,0.054,1.075,0.515,0.099,0.095,0.099,0.028,0.488,0.575,494,531,212,412,200
22024,1610612760,OKC,Oklahoma City Thunder,PRRollMan,Defensive,0.862,82,0.056,1.029,0.48,0.113,0.096,0.106,0.027,0.473,0.542,520,535,204,425,221
22024,1610612762,UTA,Utah Jazz,PRRollMan,Defensive,0.586,82,0.054,1.079,0.485,0.127,0.067,0.115,0.034,0.494,0.551,504,544,205,423,218
22024,1610612766,CHA,Charlotte Hornets,PRRollMan,Defensive,0.483,82,0.055,1.09,0.488,0.112,0.058,0.112,0.02,0.501,0.548,499,544,207,424,217
22024,1610612748,MIA,Miami Heat,PRRollMan,Defensive,0.966,82,0.06,1.017,0.466,0.097,0.069,0.091,0.02,0.466,0.523,537,546,214,459,245
22024,1610612753,ORL,Orlando Magic,PRRollMan,Defensive,0.621,82,0.058,1.079,0.508,0.13,0.079,0.126,0.032,0.503,0.562,507,547,212,417,205
22024,1610612742,DAL,Dallas Mavericks,PRRollMan,Defensive,0.276,82,0.052,1.126,0.52,0.119,0.068,0.115,0.031,0.519,0.572,486,547,213,410,197
22024,1610612761,TOR,Toronto Raptors,PRRollMan,Defensive,0.552,82,0.056,1.08,0.489,0.117,0.061,0.111,0.025,0.502,0.548,522,564,216,442,226
22024,1610612745,HOU,Houston Rockets,PRRollMan,Defensive,0.207,82,0.055,1.135,0.521,0.102,0.064,0.098,0.026,0.514,0.589,502,570,225,432,207
22024,1610612751,BKN,Brooklyn Nets,PRRollMan,Defensive,0.069,82,0.054,1.197,0.552,0.135,0.054,0.131,0.031,0.556,0.601,482,577,224,406,182
22024,1610612740,NOP,New Orleans Pelicans,PRRollMan,Defensive,0.0,82,0.05,1.251,0.601,0.104,0.087,0.1,0.019,0.571,0.671,462,578,230,383,153
22024,1610612756,PHX,Phoenix Suns,PRRollMan,Defensive,0.69,82,0.06,1.064,0.49,0.115,0.058,0.111,0.035,0.492,0.539,549,584,232,473,241
22024,1610612749,MIL,Milwaukee Bucks,PRRollMan,Defensive,0.931,82,0.064,1.019,0.456,0.081,0.068,0.078,0.025,0.45,0.522,591,602,236,518,282
22024,1610612759,SAS,San Antonio Spurs,PRRollMan,Defensive,0.241,82,0.058,1.13,0.533,0.115,0.071,0.112,0.028,0.527,0.583,537,607,241,452,211
22024,1610612758,SAC,Sacramento Kings,PRRollMan,Defensive,0.345,82,0.061,1.111,0.523,0.14,0.096,0.136,0.038,0.512,0.588,551,612,231,442,211
22024,1610612750,MIN,Minnesota Timberwolves,PRRollMan,Defensive,0.897,82,0.067,1.025,0.482,0.105,0.066,0.1,0.027,0.478,0.525,602,617,248,515,267
22024,1610612737,ATL,Atlanta Hawks,PRRollMan,Defensive,0.828,82,0.063,1.03,0.483,0.104,0.09,0.093,0.023,0.474,0.538,599,617,240,497,257
22024,1610612763,MEM,Memphis Grizzlies,PRRollMan,Defensive,0.414,82,0.059,1.093,0.495,0.113,0.06,0.104,0.026,0.498,0.564,568,621,240,485,245
22024,1610612743,DEN,Denver Nuggets,PRRollMan,Defensive,0.379,82,0.061,1.103,0.529,0.097,0.071,0.096,0.037,0.518,0.575,575,634,264,499,235
22024,1610612765,DET,Detroit Pistons,PRRollMan,Defensive,0.517,82,0.064,1.09,0.493,0.13,0.069,0.12,0.025,0.508,0.553,592,645,241,489,248
22024,1610612764,WAS,Washington Wizards,PRRollMan,Defensive,0.103,82,0.058,1.188,0.557,0.104,0.062,0.102,0.027,0.551,0.617,548,651,263,472,209
22024,1610612754,IND,Indiana Pacers,PRRollMan,Defensive,0.138,82,0.061,1.156,0.524,0.121,0.069,0.115,0.025,0.528,0.59,564,652,247,471,224
22024,1610612755,PHI,Philadelphia 76ers,PRRollMan,Defensive,0.034,82,0.06,1.233,0.578,0.115,0.09,0.108,0.022,0.56,0.657,546,673,258,446,188
22024,1610612752,NYK,New York Knicks,PRRollMan,Defensive,0.448,82,0.07,1.093,0.514,0.094,0.079,0.093,0.019,0.502,0.574,635,694,276,537,261
22024,1610612741,CHI,Chicago Bulls,PRRollMan,Defensive,0.172,82,0.075,1.139,0.506,0.1,0.045,0.096,0.017,0.525,0.565,718,818,317,626,309
22024,1610612745,HOU,Houston Rockets,OffRebound,Offensive,0.276,82,0.072,1.063,0.554,0.128,0.079,0.121,0.022,0.546,0.556,685,728,309,558,249
22024,1610612757,POR,Portland Trail Blazers,OffRebound,Offensive,0.586,82,0.066,1.106,0.583,0.121,0.084,0.117,0.029,0.564,0.588,622,688,299,513,214
22024,1610612743,DEN,Denver Nuggets,OffRebound,Offensive,0.828,82,0.062,1.134,0.578,0.134,0.054,0.131,0.03,0.58,0.58,574,651,279,483,204
22024,1610612765,DET,Detroit Pistons,OffRebound,Offensive,0.724,82,0.06,1.123,0.56,0.103,0.064,0.098,0.023,0.554,0.569,561,630,269,480,211
22024,1610612762,UTA,Utah Jazz,OffRebound,Offensive,0.517,82,0.061,1.092,0.576,0.123,0.102,0.116,0.038,0.539,0.578,577,630,270,469,199
22024,1610612740,NOP,New Orleans Pelicans,OffRebound,Offensive,0.621,82,0.061,1.11,0.554,0.163,0.069,0.156,0.032,0.569,0.56,564,626,250,451,201
22024,1610612763,MEM,Memphis Grizzlies,OffRebound,Offensive,0.793,82,0.057,1.129,0.574,0.128,0.082,0.118,0.026,0.565,0.581,549,620,257,448,191
22024,1610612750,MIN,Minnesota Timberwolves,OffRebound,Offensive,0.897,82,0.058,1.158,0.572,0.187,0.06,0.172,0.036,0.585,0.577,530,614,239,418,179
22024,1610612761,TOR,Toronto Raptors,OffRebound,Offensive,0.241,82,0.061,1.057,0.537,0.109,0.078,0.106,0.014,0.537,0.543,577,610,256,477,221
22024,1610612752,NYK,New York Knicks,OffRebound,Offensive,0.862,82,0.056,1.135,0.602,0.113,0.111,0.109,0.024,0.571,0.606,503,571,242,402,160
22024,1610612737,ATL,Atlanta Hawks,OffRebound,Offensive,0.036,82,0.058,1.014,0.514,0.109,0.074,0.094,0.022,0.509,0.519,552,560,238,463,225
22024,1610612758,SAC,Sacramento Kings,OffRebound,Offensive,0.931,82,0.052,1.163,0.583,0.125,0.077,0.109,0.038,0.57,0.593,479,557,233,400,167
22024,1610612764,WAS,Washington Wizards,OffRebound,Offensive,0.172,82,0.056,1.049,0.545,0.101,0.087,0.093,0.023,0.52,0.553,527,553,240,440,200
22024,1610612766,CHA,Charlotte Hornets,OffRebound,Offensive,0.414,82,0.053,1.089,0.556,0.118,0.089,0.11,0.037,0.535,0.564,492,536,227,408,181
22024,1610612753,ORL,Orlando Magic,OffRebound,Offensive,0.448,82,0.055,1.09,0.571,0.151,0.088,0.139,0.024,0.559,0.577,490,534,220,385,165
22024,1610612751,BKN,Brooklyn Nets,OffRebound,Offensive,0.31,82,0.055,1.075,0.538,0.116,0.069,0.11,0.016,0.541,0.544,492,529,220,409,189
22024,1610612746,LAC,LA Clippers,OffRebound,Offensive,0.379,82,0.054,1.087,0.554,0.093,0.073,0.089,0.027,0.539,0.56,482,524,230,415,185
22024,1610612755,PHI,Philadelphia 76ers,OffRebound,Offensive,0.138,82,0.055,1.04,0.539,0.123,0.091,0.117,0.022,0.532,0.544,494,514,215,399,184
22024,1610612759,SAS,San Antonio Spurs,OffRebound,Offensive,0.207,82,0.05,1.054,0.543,0.106,0.085,0.1,0.026,0.527,0.551,461,486,209,385,176
22024,1610612742,DAL,Dallas Mavericks,OffRebound,Offensive,0.966,82,0.043,1.223,0.647,0.134,0.089,0.134,0.033,0.613,0.656,395,483,207,320,113
22024,1610612744,GSW,Golden State Warriors,OffRebound,Offensive,0.0,82,0.053,0.955,0.488,0.107,0.081,0.099,0.026,0.482,0.494,494,472,202,414,212
22024,1610612749,MIL,Milwaukee Bucks,OffRebound,Offensive,1.0,82,0.04,1.223,0.621,0.128,0.067,0.123,0.036,0.601,0.638,358,438,187,301,114
22024,1610612741,CHI,Chicago Bulls,OffRebound,Offensive,0.345,82,0.043,1.081,0.542,0.099,0.067,0.086,0.022,0.541,0.546,405,438,188,347,159
22024,1610612747,LAL,Los Angeles Lakers,OffRebound,Offensive,0.69,82,0.044,1.121,0.568,0.108,0.067,0.095,0.023,0.567,0.576,388,435,187,329,142
22024,1610612739,CLE,Cleveland Cavaliers,OffRebound,Offensive,0.552,82,0.043,1.096,0.58,0.134,0.103,0.123,0.028,0.554,0.584,397,435,182,314,132
22024,1610612754,IND,Indiana Pacers,OffRebound,Offensive,0.483,82,0.044,1.09,0.55,0.12,0.08,0.118,0.025,0.541,0.559,399,435,181,329,148
22024,1610612748,MIA,Miami Heat,OffRebound,Offensive,0.103,82,0.047,1.024,0.516,0.131,0.069,0.126,0.019,0.53,0.519,419,429,177,343,166
22024,1610612738,BOS,Boston Celtics,OffRebound,Offensive,0.036,82,0.046,1.014,0.519,0.104,0.097,0.097,0.024,0.505,0.525,414,420,177,341,164
22024,1610612760,OKC,Oklahoma City Thunder,OffRebound,Offensive,0.655,82,0.036,1.114,0.583,0.087,0.093,0.078,0.015,0.556,0.595,333,371,162,278,116
22024,1610612756,PHX,Phoenix Suns,OffRebound,Offensive,0.759,82,0.037,1.125,0.6,0.112,0.097,0.109,0.015,0.578,0.602,329,370,159,265,106
22024,1610612753,ORL,Orlando Magic,OffRebound,Defensive,0.931,82,0.044,1.023,0.528,0.131,0.098,0.121,0.018,0.53,0.531,389,398,162,307,145
22024,1610612746,LAC,LA Clippers,OffRebound,Defensive,0.517,82,0.047,1.095,0.553,0.131,0.074,0.129,0.038,0.547,0.564,419,459,193,349,156
22024,1610612765,DET,Detroit Pistons,OffRebound,Defensive,0.759,82,0.047,1.067,0.555,0.122,0.088,0.113,0.025,0.536,0.559,433,462,196,353,157
22024,1610612758,SAC,Sacramento Kings,OffRebound,Defensive,0.172,82,0.047,1.118,0.574,0.113,0.076,0.113,0.021,0.567,0.578,423,473,202,352,150
22024,1610612737,ATL,Atlanta Hawks,OffRebound,Defensive,0.552,82,0.046,1.092,0.553,0.133,0.078,0.124,0.03,0.552,0.559,435,475,197,356,159
22024,1610612750,MIN,Minnesota Timberwolves,OffRebound,Defensive,0.897,82,0.05,1.058,0.549,0.111,0.098,0.107,0.027,0.531,0.557,450,476,202,368,166
22024,1610612763,MEM,Memphis Grizzlies,OffRebound,Defensive,0.966,82,0.051,1.008,0.547,0.107,0.111,0.097,0.014,0.512,0.552,494,498,215,393,178
22024,1610612751,BKN,Brooklyn Nets,OffRebound,Defensive,0.414,82,0.051,1.101,0.564,0.129,0.074,0.12,0.022,0.556,0.572,457,503,211,374,163
22024,1610612739,CLE,Cleveland Cavaliers,OffRebound,Defensive,1.0,82,0.054,1.006,0.53,0.089,0.103,0.085,0.014,0.505,0.535,505,508,220,415,195
22024,1610612757,POR,Portland Trail Blazers,OffRebound,Defensive,0.483,82,0.05,1.097,0.575,0.108,0.088,0.103,0.015,0.553,0.584,465,510,219,381,162
22024,1610612748,MIA,Miami Heat,OffRebound,Defensive,0.31,82,0.052,1.105,0.547,0.111,0.049,0.105,0.024,0.553,0.554,468,517,221,404,183
22024,1610612766,CHA,Charlotte Hornets,OffRebound,Defensive,0.793,82,0.055,1.064,0.535,0.116,0.082,0.106,0.036,0.526,0.542,498,530,223,417,194
22024,1610612743,DEN,Denver Nuggets,OffRebound,Defensive,0.69,82,0.053,1.079,0.548,0.122,0.093,0.114,0.022,0.535,0.56,493,532,218,398,180
22024,1610612749,MIL,Milwaukee Bucks,OffRebound,Defensive,0.345,82,0.053,1.103,0.559,0.105,0.076,0.099,0.017,0.552,0.562,484,534,226,404,178
22024,1610612745,HOU,Houston Rockets,OffRebound,Defensive,0.103,82,0.052,1.131,0.589,0.118,0.082,0.108,0.032,0.57,0.595,474,536,232,394,162
22024,1610612754,IND,Indiana Pacers,OffRebound,Defensive,0.724,82,0.054,1.068,0.551,0.119,0.083,0.113,0.026,0.541,0.556,503,537,228,414,186
22024,1610612741,CHI,Chicago Bulls,OffRebound,Defensive,0.241,82,0.051,1.116,0.584,0.106,0.085,0.1,0.015,0.558,0.593,482,538,232,397,165
22024,1610612744,GSW,Golden State Warriors,OffRebound,Defensive,0.138,82,0.053,1.122,0.573,0.139,0.079,0.13,0.031,0.565,0.578,483,542,225,393,168
22024,1610612752,NYK,New York Knicks,OffRebound,Defensive,0.586,82,0.055,1.09,0.568,0.092,0.08,0.088,0.018,0.54,0.572,498,543,239,421,182
22024,1610612747,LAL,Los Angeles Lakers,OffRebound,Defensive,0.621,82,0.056,1.086,0.552,0.139,0.083,0.134,0.029,0.552,0.558,509,553,227,411,184
22024,1610612761,TOR,Toronto Raptors,OffRebound,Defensive,0.448,82,0.054,1.097,0.548,0.159,0.069,0.147,0.036,0.552,0.55,504,553,223,407,184
22024,1610612738,BOS,Boston Celtics,OffRebound,Defensive,0.276,82,0.056,1.106,0.561,0.125,0.072,0.114,0.032,0.556,0.566,502,555,235,419,184
22024,1610612760,OKC,Oklahoma City Thunder,OffRebound,Defensive,0.862,82,0.057,1.059,0.533,0.154,0.087,0.146,0.028,0.541,0.536,527,558,221,415,194
22024,1610612764,WAS,Washington Wizards,OffRebound,Defensive,0.655,82,0.055,1.081,0.559,0.114,0.083,0.106,0.025,0.544,0.57,518,560,240,429,189
22024,1610612755,PHI,Philadelphia 76ers,OffRebound,Defensive,0.207,82,0.056,1.118,0.565,0.116,0.069,0.11,0.031,0.559,0.572,508,568,243,430,187
22024,1610612762,UTA,Utah Jazz,OffRebound,Defensive,0.0,82,0.05,1.208,0.619,0.123,0.055,0.117,0.032,0.607,0.626,471,569,249,402,153
22024,1610612756,PHX,Phoenix Suns,OffRebound,Defensive,0.379,82,0.057,1.103,0.558,0.126,0.075,0.117,0.031,0.553,0.562,523,577,242,434,192
22024,1610612742,DAL,Dallas Mavericks,OffRebound,Defensive,0.828,82,0.06,1.059,0.538,0.133,0.077,0.125,0.025,0.539,0.543,558,591,245,455,210
22024,1610612759,SAS,San Antonio Spurs,OffRebound,Defensive,0.069,82,0.058,1.143,0.581,0.128,0.063,0.121,0.022,0.579,0.586,537,614,259,446,187
22024,1610612740,NOP,New Orleans Pelicans,OffRebound,Defensive,0.034,82,0.057,1.162,0.596,0.118,0.085,0.107,0.041,0.573,0.602,532,618,266,446,180
22024,1610612756,PHX,Phoenix Suns,Spotup,Offensive,0.862,82,0.285,1.099,0.415,0.035,0.05,0.032,0.009,0.409,0.567,2538,2788,972,2343,1371
22024,1610612763,MEM,Memphis Grizzlies,Spotup,Offensive,0.345,82,0.28,1.023,0.406,0.072,0.077,0.064,0.016,0.404,0.531,2707,2770,951,2344,1393
22024,1610612759,SAS,San Antonio Spurs,Spotup,Offensive,0.483,82,0.265,1.042,0.389,0.05,0.051,0.048,0.01,0.392,0.53,2432,2533,859,2210,1351
22024,1610612750,MIN,Minnesota Timberwolves,Spotup,Offensive,0.759,82,0.256,1.081,0.419,0.044,0.055,0.041,0.01,0.413,0.56,2327,2516,888,2119,1231
22024,1610612738,BOS,Boston Celtics,Spotup,Offensive,1.0,82,0.242,1.147,0.419,0.032,0.039,0.029,0.007,0.417,0.586,2179,2500,855,2039,1184
22024,1610612751,BKN,Brooklyn Nets,Spotup,Offensive,0.207,82,0.271,1.015,0.375,0.051,0.045,0.045,0.008,0.381,0.515,2420,2456,827,2207,1380
22024,1610612741,CHI,Chicago Bulls,Spotup,Offensive,0.172,82,0.258,1.01,0.387,0.038,0.065,0.035,0.007,0.379,0.529,2420,2445,847,2188,1341
22024,1610612760,OKC,Oklahoma City Thunder,Spotup,Offensive,0.69,82,0.244,1.08,0.402,0.03,0.042,0.028,0.005,0.398,0.555,2249,2429,843,2098,1255
22024,1610612748,MIA,Miami Heat,Spotup,Offensive,0.724,82,0.244,1.081,0.399,0.045,0.042,0.042,0.008,0.403,0.55,2168,2343,798,1998,1200
22024,1610612752,NYK,New York Knicks,Spotup,Offensive,0.655,82,0.239,1.076,0.411,0.053,0.05,0.051,0.01,0.415,0.547,2159,2323,804,1958,1154
22024,1610612744,GSW,Golden State Warriors,Spotup,Offensive,0.621,82,0.233,1.075,0.393,0.044,0.039,0.041,0.006,0.398,0.544,2161,2322,784,1995,1211
22024,1610612757,POR,Portland Trail Blazers,Spotup,Offensive,0.138,82,0.242,1.007,0.387,0.041,0.062,0.038,0.008,0.38,0.523,2280,2296,798,2063,1265
22024,1610612755,PHI,Philadelphia 76ers,Spotup,Offensive,0.552,82,0.238,1.043,0.397,0.053,0.043,0.049,0.012,0.403,0.53,2143,2236,779,1963,1184
22024,1610612739,CLE,Cleveland Cavaliers,Spotup,Offensive,0.793,82,0.222,1.089,0.417,0.031,0.059,0.029,0.006,0.404,0.571,2046,2229,782,1876,1094
22024,1610612758,SAC,Sacramento Kings,Spotup,Offensive,0.517,82,0.23,1.042,0.398,0.041,0.045,0.04,0.006,0.399,0.533,2112,2200,772,1942,1170
22024,1610612754,IND,Indiana Pacers,Spotup,Offensive,0.448,82,0.228,1.039,0.404,0.052,0.054,0.047,0.013,0.404,0.533,2077,2159,760,1881,1121
22024,1610612747,LAL,Los Angeles Lakers,Spotup,Offensive,0.966,82,0.217,1.118,0.413,0.045,0.037,0.041,0.009,0.416,0.566,1930,2157,738,1789,1051
22024,1610612749,MIL,Milwaukee Bucks,Spotup,Offensive,0.897,82,0.218,1.107,0.409,0.038,0.041,0.037,0.009,0.408,0.565,1945,2153,740,1808,1068
22024,1610612737,ATL,Atlanta Hawks,Spotup,Offensive,0.414,82,0.216,1.038,0.397,0.046,0.06,0.041,0.01,0.393,0.538,2064,2143,741,1865,1124
22024,1610612742,DAL,Dallas Mavericks,Spotup,Offensive,0.379,82,0.226,1.037,0.408,0.053,0.062,0.05,0.01,0.407,0.537,2054,2131,750,1837,1087
22024,1610612740,NOP,New Orleans Pelicans,Spotup,Offensive,0.31,82,0.224,1.022,0.398,0.049,0.044,0.045,0.014,0.4,0.518,2076,2122,762,1913,1151
22024,1610612761,TOR,Toronto Raptors,Spotup,Offensive,0.241,82,0.212,1.021,0.382,0.039,0.046,0.038,0.008,0.382,0.524,1994,2035,702,1839,1137
22024,1610612762,UTA,Utah Jazz,Spotup,Offensive,0.276,82,0.208,1.021,0.388,0.055,0.058,0.051,0.014,0.389,0.525,1957,1998,684,1763,1079
22024,1610612746,LAC,LA Clippers,Spotup,Offensive,0.931,82,0.199,1.114,0.42,0.044,0.039,0.041,0.008,0.423,0.567,1782,1986,693,1649,956
22024,1610612745,HOU,Houston Rockets,Spotup,Offensive,0.034,82,0.211,0.982,0.367,0.037,0.046,0.035,0.007,0.368,0.503,2015,1978,683,1861,1178
22024,1610612753,ORL,Orlando Magic,Spotup,Offensive,0.069,82,0.222,0.992,0.363,0.034,0.035,0.032,0.009,0.366,0.501,1982,1966,677,1863,1186
22024,1610612766,CHA,Charlotte Hornets,Spotup,Offensive,0.103,82,0.211,1.004,0.382,0.039,0.055,0.035,0.008,0.378,0.518,1947,1955,680,1779,1099
22024,1610612764,WAS,Washington Wizards,Spotup,Offensive,0.0,82,0.213,0.949,0.36,0.04,0.06,0.039,0.008,0.355,0.493,1987,1886,650,1804,1154
22024,1610612765,DET,Detroit Pistons,Spotup,Offensive,0.586,82,0.185,1.064,0.402,0.042,0.046,0.039,0.009,0.4,0.544,1721,1832,638,1586,948
22024,1610612743,DEN,Denver Nuggets,Spotup,Offensive,0.828,82,0.179,1.093,0.405,0.045,0.042,0.041,0.007,0.41,0.555,1662,1816,620,1529,909
22024,1610612753,ORL,Orlando Magic,Spotup,Defensive,0.655,82,0.191,1.041,0.399,0.059,0.061,0.054,0.011,0.4,0.534,1677,1746,596,1493,897
22024,1610612745,HOU,Houston Rockets,Spotup,Defensive,0.897,82,0.201,0.998,0.382,0.047,0.059,0.042,0.007,0.383,0.515,1835,1831,631,1652,1021
22024,1610612752,NYK,New York Knicks,Spotup,Defensive,0.172,82,0.193,1.082,0.41,0.041,0.059,0.04,0.009,0.403,0.561,1738,1880,648,1580,932
22024,1610612750,MIN,Minnesota Timberwolves,Spotup,Defensive,0.966,82,0.215,0.996,0.382,0.039,0.057,0.037,0.009,0.377,0.516,1942,1934,678,1773,1095
22024,1610612738,BOS,Boston Celtics,Spotup,Defensive,1.0,82,0.231,0.975,0.371,0.035,0.048,0.032,0.006,0.37,0.498,2060,2009,705,1902,1197
22024,1610612757,POR,Portland Trail Blazers,Spotup,Defensive,0.276,82,0.206,1.063,0.396,0.047,0.046,0.044,0.008,0.399,0.54,1904,2023,691,1744,1053
22024,1610612765,DET,Detroit Pistons,Spotup,Defensive,0.793,82,0.214,1.034,0.384,0.05,0.052,0.042,0.01,0.387,0.529,1977,2044,690,1796,1106
22024,1610612766,CHA,Charlotte Hornets,Spotup,Defensive,0.448,82,0.218,1.053,0.395,0.032,0.047,0.031,0.008,0.39,0.542,1975,2079,724,1834,1110
22024,1610612756,PHX,Phoenix Suns,Spotup,Defensive,0.0,82,0.208,1.127,0.421,0.04,0.039,0.037,0.011,0.419,0.577,1899,2141,745,1769,1024
22024,1610612746,LAC,LA Clippers,Spotup,Defensive,0.586,82,0.233,1.042,0.396,0.043,0.053,0.04,0.008,0.394,0.537,2085,2172,754,1902,1148
22024,1610612749,MIL,Milwaukee Bucks,Spotup,Defensive,0.621,82,0.232,1.041,0.393,0.043,0.045,0.039,0.01,0.392,0.534,2131,2219,773,1965,1192
22024,1610612761,TOR,Toronto Raptors,Spotup,Defensive,0.759,82,0.231,1.034,0.384,0.057,0.043,0.054,0.009,0.394,0.522,2153,2226,752,1957,1205
22024,1610612754,IND,Indiana Pacers,Spotup,Defensive,0.828,82,0.232,1.034,0.398,0.041,0.053,0.037,0.01,0.394,0.533,2163,2236,789,1983,1194
22024,1610612764,WAS,Washington Wizards,Spotup,Defensive,0.517,82,0.226,1.047,0.392,0.049,0.045,0.043,0.007,0.396,0.534,2142,2243,767,1956,1189
22024,1610612747,LAL,Los Angeles Lakers,Spotup,Defensive,0.414,82,0.234,1.053,0.403,0.044,0.052,0.041,0.007,0.402,0.542,2132,2246,783,1942,1159
22024,1610612742,DAL,Dallas Mavericks,Spotup,Defensive,0.345,82,0.23,1.056,0.404,0.038,0.044,0.035,0.007,0.402,0.541,2143,2264,800,1982,1182
22024,1610612748,MIA,Miami Heat,Spotup,Defensive,0.862,82,0.25,1.017,0.394,0.039,0.064,0.037,0.011,0.383,0.531,2236,2275,800,2029,1229
22024,1610612741,CHI,Chicago Bulls,Spotup,Defensive,0.552,82,0.231,1.043,0.393,0.039,0.042,0.039,0.006,0.394,0.531,2193,2288,796,2027,1231
22024,1610612763,MEM,Memphis Grizzlies,Spotup,Defensive,0.31,82,0.228,1.058,0.392,0.05,0.049,0.045,0.01,0.397,0.537,2184,2310,780,1989,1209
22024,1610612755,PHI,Philadelphia 76ers,Spotup,Defensive,0.69,82,0.246,1.035,0.387,0.04,0.057,0.038,0.007,0.384,0.535,2245,2323,791,2043,1252
22024,1610612762,UTA,Utah Jazz,Spotup,Defensive,0.241,82,0.231,1.074,0.4,0.05,0.036,0.045,0.01,0.406,0.541,2164,2324,799,2000,1201
22024,1610612759,SAS,San Antonio Spurs,Spotup,Defensive,0.103,82,0.229,1.092,0.416,0.031,0.043,0.029,0.007,0.411,0.561,2129,2324,826,1987,1161
22024,1610612737,ATL,Atlanta Hawks,Spotup,Defensive,0.138,82,0.229,1.089,0.414,0.045,0.056,0.044,0.011,0.409,0.563,2160,2352,814,1965,1151
22024,1610612739,CLE,Cleveland Cavaliers,Spotup,Defensive,0.724,82,0.244,1.034,0.389,0.043,0.047,0.038,0.007,0.389,0.531,2276,2354,812,2088,1276
22024,1610612744,GSW,Golden State Warriors,Spotup,Defensive,0.207,82,0.247,1.078,0.411,0.045,0.05,0.041,0.008,0.411,0.553,2242,2416,842,2047,1205
22024,1610612751,BKN,Brooklyn Nets,Spotup,Defensive,0.379,82,0.259,1.055,0.398,0.048,0.055,0.044,0.012,0.396,0.539,2298,2424,831,2088,1257
22024,1610612740,NOP,New Orleans Pelicans,Spotup,Defensive,0.483,82,0.251,1.05,0.394,0.042,0.049,0.039,0.011,0.392,0.538,2320,2437,841,2135,1294
22024,1610612760,OKC,Oklahoma City Thunder,Spotup,Defensive,0.931,82,0.265,0.997,0.381,0.049,0.06,0.047,0.009,0.381,0.516,2466,2459,845,2219,1374
22024,1610612743,DEN,Denver Nuggets,Spotup,Defensive,0.069,82,0.244,1.094,0.422,0.05,0.048,0.048,0.013,0.421,0.56,2282,2496,882,2090,1208
22024,1610612758,SAC,Sacramento Kings,Spotup,Defensive,0.034,82,0.263,1.103,0.411,0.051,0.05,0.046,0.012,0.412,0.561,2383,2628,892,2172,1280
22024,1610612763,MEM,Memphis Grizzlies,Transition,Offensive,0.69,82,0.242,1.148,0.529,0.117,0.117,0.105,0.029,0.506,0.618,2343,2689,986,1863,877
22024,1610612741,CHI,Chicago Bulls,Transition,Offensive,0.655,82,0.243,1.145,0.529,0.124,0.112,0.116,0.027,0.509,0.616,2284,2616,954,1805,851
22024,1610612737,ATL,Atlanta Hawks,Transition,Offensive,0.31,82,0.211,1.115,0.543,0.115,0.137,0.108,0.027,0.503,0.618,2018,2250,848,1563,715
22024,1610612743,DEN,Denver Nuggets,Transition,Offensive,0.931,82,0.198,1.176,0.581,0.137,0.13,0.127,0.03,0.545,0.648,1836,2160,814,1402,588
22024,1610612761,TOR,Toronto Raptors,Transition,Offensive,0.069,82,0.217,1.051,0.499,0.119,0.112,0.112,0.024,0.485,0.563,2049,2154,811,1625,814
22024,1610612754,IND,Indiana Pacers,Transition,Offensive,0.862,82,0.202,1.167,0.557,0.121,0.111,0.112,0.026,0.533,0.629,1841,2149,814,1462,648
22024,1610612765,DET,Detroit Pistons,Transition,Offensive,0.448,82,0.203,1.135,0.536,0.124,0.117,0.117,0.032,0.513,0.605,1892,2148,801,1495,694
22024,1610612760,OKC,Oklahoma City Thunder,Transition,Offensive,0.897,82,0.193,1.174,0.535,0.124,0.085,0.115,0.029,0.532,0.609,1780,2090,781,1460,679
22024,1610612759,SAS,San Antonio Spurs,Transition,Offensive,0.621,82,0.199,1.145,0.533,0.128,0.111,0.123,0.034,0.511,0.614,1824,2089,772,1449,677
22024,1610612742,DAL,Dallas Mavericks,Transition,Offensive,0.241,82,0.198,1.107,0.529,0.127,0.125,0.118,0.031,0.5,0.603,1800,1992,742,1402,660
22024,1610612752,NYK,New York Knicks,Transition,Offensive,0.966,82,0.183,1.182,0.556,0.13,0.106,0.118,0.032,0.536,0.629,1650,1951,730,1314,584
22024,1610612764,WAS,Washington Wizards,Transition,Offensive,0.103,82,0.194,1.072,0.511,0.116,0.127,0.108,0.02,0.486,0.587,1812,1943,719,1407,688
22024,1610612739,CLE,Cleveland Cavaliers,Transition,Offensive,1.0,82,0.175,1.195,0.536,0.114,0.104,0.107,0.029,0.518,0.639,1612,1927,701,1307,606
22024,1610612746,LAC,LA Clippers,Transition,Offensive,0.345,82,0.191,1.125,0.539,0.116,0.124,0.108,0.022,0.51,0.614,1711,1925,721,1338,617
22024,1610612745,HOU,Houston Rockets,Transition,Offensive,0.276,82,0.181,1.11,0.531,0.132,0.13,0.119,0.025,0.505,0.606,1726,1916,699,1317,618
22024,1610612744,GSW,Golden State Warriors,Transition,Offensive,0.552,82,0.177,1.138,0.535,0.119,0.118,0.109,0.029,0.507,0.618,1640,1866,696,1300,604
22024,1610612740,NOP,New Orleans Pelicans,Transition,Offensive,0.483,82,0.174,1.136,0.54,0.121,0.116,0.113,0.025,0.517,0.618,1616,1836,688,1273,585
22024,1610612762,UTA,Utah Jazz,Transition,Offensive,0.172,82,0.177,1.09,0.533,0.117,0.148,0.106,0.026,0.491,0.609,1665,1815,676,1268,592
22024,1610612757,POR,Portland Trail Blazers,Transition,Offensive,0.034,82,0.187,1.026,0.505,0.144,0.139,0.134,0.028,0.481,0.56,1766,1812,664,1316,652
22024,1610612755,PHI,Philadelphia 76ers,Transition,Offensive,0.724,82,0.174,1.149,0.535,0.154,0.114,0.146,0.034,0.526,0.605,1567,1801,642,1201,559
22024,1610612758,SAC,Sacramento Kings,Transition,Offensive,0.379,82,0.174,1.126,0.539,0.126,0.132,0.114,0.026,0.509,0.614,1600,1801,662,1229,567
22024,1610612749,MIL,Milwaukee Bucks,Transition,Offensive,0.793,82,0.172,1.16,0.552,0.158,0.115,0.149,0.036,0.528,0.633,1536,1781,647,1173,526
22024,1610612747,LAL,Los Angeles Lakers,Transition,Offensive,0.586,82,0.172,1.14,0.554,0.127,0.122,0.119,0.024,0.525,0.624,1532,1746,658,1188,530
22024,1610612751,BKN,Brooklyn Nets,Transition,Offensive,0.138,82,0.178,1.081,0.501,0.118,0.124,0.106,0.02,0.482,0.581,1592,1721,620,1238,618
22024,1610612748,MIA,Miami Heat,Transition,Offensive,0.828,82,0.165,1.16,0.54,0.132,0.117,0.125,0.031,0.52,0.622,1468,1703,619,1147,528
22024,1610612738,BOS,Boston Celtics,Transition,Offensive,0.414,82,0.16,1.13,0.507,0.091,0.096,0.083,0.017,0.492,0.604,1442,1630,606,1196,590
22024,1610612753,ORL,Orlando Magic,Transition,Offensive,0.207,82,0.164,1.106,0.516,0.136,0.106,0.125,0.026,0.508,0.581,1467,1623,593,1149,556
22024,1610612756,PHX,Phoenix Suns,Transition,Offensive,0.759,82,0.154,1.155,0.537,0.118,0.122,0.106,0.018,0.512,0.629,1371,1584,573,1067,494
22024,1610612750,MIN,Minnesota Timberwolves,Transition,Offensive,0.517,82,0.153,1.136,0.548,0.12,0.122,0.109,0.027,0.518,0.619,1388,1577,597,1089,492
22024,1610612766,CHA,Charlotte Hornets,Transition,Offensive,0.0,82,0.163,1.023,0.494,0.115,0.144,0.102,0.018,0.466,0.566,1507,1541,565,1143,578
22024,1610612760,OKC,Oklahoma City Thunder,Transition,Defensive,0.931,82,0.163,1.064,0.511,0.149,0.16,0.135,0.03,0.481,0.591,1521,1618,561,1097,536
22024,1610612758,SAC,Sacramento Kings,Transition,Defensive,0.483,82,0.165,1.137,0.523,0.139,0.102,0.133,0.031,0.513,0.598,1492,1696,617,1179,562
22024,1610612738,BOS,Boston Celtics,Transition,Defensive,1.0,82,0.184,1.046,0.496,0.111,0.126,0.101,0.027,0.468,0.569,1648,1723,645,1301,656
22024,1610612748,MIA,Miami Heat,Transition,Defensive,0.379,82,0.172,1.145,0.544,0.115,0.109,0.109,0.025,0.519,0.621,1541,1765,671,1234,563
22024,1610612765,DET,Detroit Pistons,Transition,Defensive,0.793,82,0.178,1.088,0.504,0.13,0.122,0.121,0.031,0.487,0.582,1637,1781,643,1275,632
22024,1610612741,CHI,Chicago Bulls,Transition,Defensive,0.828,82,0.172,1.087,0.515,0.131,0.103,0.124,0.024,0.508,0.572,1639,1782,666,1294,628
22024,1610612753,ORL,Orlando Magic,Transition,Defensive,0.724,82,0.185,1.109,0.534,0.145,0.139,0.129,0.027,0.507,0.608,1625,1802,645,1207,562
22024,1610612742,DAL,Dallas Mavericks,Transition,Defensive,0.966,82,0.184,1.054,0.489,0.122,0.115,0.113,0.025,0.479,0.557,1715,1807,660,1351,691
22024,1610612744,GSW,Golden State Warriors,Transition,Defensive,0.862,82,0.183,1.086,0.514,0.116,0.133,0.108,0.026,0.485,0.598,1665,1808,665,1295,630
22024,1610612746,LAC,LA Clippers,Transition,Defensive,0.621,82,0.181,1.127,0.551,0.122,0.128,0.113,0.027,0.516,0.624,1625,1831,696,1263,567
22024,1610612739,CLE,Cleveland Cavaliers,Transition,Defensive,0.897,82,0.184,1.082,0.528,0.12,0.13,0.109,0.021,0.499,0.592,1714,1855,698,1322,624
22024,1610612754,IND,Indiana Pacers,Transition,Defensive,0.31,82,0.174,1.149,0.532,0.132,0.104,0.126,0.026,0.518,0.609,1622,1863,681,1281,600
22024,1610612745,HOU,Houston Rockets,Transition,Defensive,0.69,82,0.184,1.114,0.537,0.112,0.122,0.104,0.024,0.504,0.61,1674,1864,710,1322,612
22024,1610612750,MIN,Minnesota Timberwolves,Transition,Defensive,0.448,82,0.183,1.139,0.542,0.118,0.128,0.109,0.025,0.51,0.627,1658,1889,700,1292,592
22024,1610612752,NYK,New York Knicks,Transition,Defensive,0.586,82,0.186,1.129,0.54,0.106,0.135,0.096,0.024,0.502,0.622,1678,1894,710,1314,604
22024,1610612749,MIL,Milwaukee Bucks,Transition,Defensive,0.138,82,0.179,1.159,0.528,0.126,0.096,0.117,0.031,0.518,0.606,1646,1908,703,1332,629
22024,1610612743,DEN,Denver Nuggets,Transition,Defensive,0.414,82,0.18,1.139,0.522,0.119,0.099,0.109,0.026,0.51,0.6,1685,1920,710,1361,651
22024,1610612737,ATL,Atlanta Hawks,Transition,Defensive,0.345,82,0.178,1.145,0.551,0.125,0.142,0.115,0.026,0.515,0.635,1684,1929,703,1277,574
22024,1610612759,SAS,San Antonio Spurs,Transition,Defensive,0.276,82,0.184,1.149,0.527,0.108,0.107,0.098,0.029,0.506,0.615,1705,1959,732,1388,656
22024,1610612766,CHA,Charlotte Hornets,Transition,Defensive,0.241,82,0.188,1.15,0.541,0.124,0.12,0.115,0.033,0.514,0.619,1704,1960,728,1346,618
22024,1610612761,TOR,Toronto Raptors,Transition,Defensive,0.552,82,0.188,1.133,0.562,0.129,0.141,0.112,0.026,0.521,0.63,1750,1982,743,1323,580
22024,1610612755,PHI,Philadelphia 76ers,Transition,Defensive,0.069,82,0.189,1.166,0.55,0.122,0.12,0.112,0.034,0.516,0.633,1718,2003,748,1361,613
22024,1610612747,LAL,Los Angeles Lakers,Transition,Defensive,0.655,82,0.198,1.115,0.528,0.117,0.119,0.108,0.021,0.507,0.608,1798,2005,745,1411,666
22024,1610612757,POR,Portland Trail Blazers,Transition,Defensive,0.759,82,0.207,1.094,0.521,0.133,0.128,0.126,0.019,0.501,0.594,1915,2095,756,1452,696
22024,1610612756,PHX,Phoenix Suns,Transition,Defensive,0.034,82,0.197,1.177,0.546,0.129,0.102,0.119,0.028,0.531,0.624,1797,2115,782,1433,651
22024,1610612763,MEM,Memphis Grizzlies,Transition,Defensive,0.517,82,0.194,1.136,0.55,0.129,0.13,0.121,0.032,0.516,0.625,1863,2116,792,1439,647
22024,1610612751,BKN,Brooklyn Nets,Transition,Defensive,0.172,82,0.207,1.156,0.551,0.131,0.127,0.12,0.034,0.519,0.631,1839,2126,787,1428,641
22024,1610612764,WAS,Washington Wizards,Transition,Defensive,0.103,82,0.193,1.163,0.533,0.121,0.097,0.112,0.028,0.521,0.614,1829,2127,789,1481,692
22024,1610612740,NOP,New Orleans Pelicans,Transition,Defensive,0.0,82,0.198,1.185,0.559,0.136,0.107,0.128,0.027,0.54,0.636,1836,2175,804,1439,635
22024,1610612762,UTA,Utah Jazz,Transition,Defensive,0.207,82,0.226,1.154,0.539,0.123,0.101,0.118,0.023,0.525,0.616,2112,2438,909,1688,779
